scannedVerification,preAisle,aisle,postAisle,slot,spokenVerification
2508,NULL,RR,NULL,NULL,2508
2509,NULL,RR,NULL,NULL,2509
2510,NULL,RR,NULL,NULL,2510
2511,NULL,RR,NULL,NULL,2511
2512,NULL,RR,NULL,NULL,2512
2513,NULL,RR,NULL,NULL,2513
2514,NULL,RR,NULL,NULL,2514
2515,NULL,RR,NULL,NULL,2515
2516,NULL,RR,NULL,NULL,2516
2517,NULL,RR,NULL,NULL,2517
2518,NULL,RR,NULL,NULL,2518
2519,NULL,RR,NULL,NULL,2519
2520,NULL,RR,NULL,NULL,2520
2521,NULL,RR,NULL,NULL,2521
2522,NULL,RR,NULL,NULL,2522
2523,NULL,RR,NULL,NULL,2523
2524,NULL,RR,NULL,NULL,2524
2525,NULL,RR,NULL,NULL,2525
2526,NULL,RR,NULL,NULL,2526
2527,NULL,RR,NULL,NULL,2527
2528,NULL,RR,NULL,NULL,2528
2529,NULL,RR,NULL,NULL,2529
2530,NULL,RR,NULL,NULL,2530
2531,NULL,RR,NULL,NULL,2531
2532,NULL,RR,NULL,NULL,2532
2533,NULL,RR,NULL,NULL,2533
2534,NULL,RR,NULL,NULL,2534
2535,NULL,RR,NULL,NULL,2535
2536,NULL,RR,NULL,NULL,2536
2537,NULL,RR,NULL,NULL,2537
2538,NULL,RR,NULL,NULL,2538
2539,NULL,RR,NULL,NULL,2539
2540,NULL,RR,NULL,NULL,2540
2541,NULL,RR,NULL,NULL,2541
2542,NULL,RR,NULL,NULL,2542
2543,NULL,RR,NULL,NULL,2543
2544,NULL,RR,NULL,NULL,2544
2545,NULL,RR,NULL,NULL,2545
2546,NULL,RR,NULL,NULL,2546
2547,NULL,RR,NULL,NULL,2547
2548,NULL,RR,NULL,NULL,2548
2549,NULL,RR,NULL,NULL,2549
2550,NULL,RR,NULL,NULL,2550
2551,NULL,RR,NULL,NULL,2551
2552,NULL,RR,NULL,NULL,2552
2553,NULL,RR,NULL,NULL,2553
2554,NULL,RR,NULL,NULL,2554
2555,NULL,RR,NULL,NULL,2555
2556,NULL,RR,NULL,NULL,2556
2557,NULL,RR,NULL,NULL,2557
2558,NULL,RR,NULL,NULL,2558
2559,NULL,RR,NULL,NULL,2559
2560,NULL,RR,NULL,NULL,2560
2561,NULL,RR,NULL,NULL,2561
2562,NULL,RR,NULL,NULL,2562
2563,NULL,RR,NULL,NULL,2563
2564,NULL,RR,NULL,NULL,2564
2565,NULL,RR,NULL,NULL,2565
2566,NULL,RR,NULL,NULL,2566
2567,NULL,RR,NULL,NULL,2567
2568,NULL,RR,NULL,NULL,2568
2569,NULL,RR,NULL,NULL,2569
2570,NULL,RR,NULL,NULL,2570
2571,NULL,RR,NULL,NULL,2571
2572,NULL,RR,NULL,NULL,2572
2573,NULL,RR,NULL,NULL,2573
2574,NULL,RR,NULL,NULL,2574
2575,NULL,RR,NULL,NULL,2575
2576,NULL,RR,NULL,NULL,2576
2577,NULL,RR,NULL,NULL,2577
2578,NULL,RR,NULL,NULL,2578
2579,NULL,RR,NULL,NULL,2579
2580,NULL,RR,NULL,NULL,2580
2581,NULL,RR,NULL,NULL,2581
2582,NULL,RR,NULL,NULL,2582
2583,NULL,RR,NULL,NULL,2583
2584,NULL,RR,NULL,NULL,2584
2585,NULL,RR,NULL,NULL,2585
2586,NULL,RR,NULL,NULL,2586
2587,NULL,RR,NULL,NULL,2587
2588,NULL,RR,NULL,NULL,2588
2589,NULL,RR,NULL,NULL,2589
2590,NULL,RR,NULL,NULL,2590
2591,NULL,RR,NULL,NULL,2591
2592,NULL,RR,NULL,NULL,2592
2593,NULL,RR,NULL,NULL,2593
2594,NULL,RR,NULL,NULL,2594
2595,NULL,RR,NULL,NULL,2595
2596,NULL,RR,NULL,NULL,2596
2597,NULL,RR,NULL,NULL,2597
2598,NULL,RR,NULL,NULL,2598
2599,NULL,RR,NULL,NULL,2599
2600,NULL,RR,NULL,NULL,2600
2601,NULL,RR,NULL,NULL,2601
2602,NULL,RR,NULL,NULL,2602
2603,NULL,RR,NULL,NULL,2603
2604,NULL,RR,NULL,NULL,2604
2605,NULL,RR,NULL,NULL,2605
2606,NULL,RR,NULL,NULL,2606
2607,NULL,RR,NULL,NULL,2607
2608,NULL,RR,NULL,NULL,2608
2609,NULL,RR,NULL,NULL,2609
2610,NULL,RR,NULL,NULL,2610
2611,NULL,RR,NULL,NULL,2611
2612,NULL,RR,NULL,NULL,2612
2613,NULL,RR,NULL,NULL,2613
2614,NULL,RR,NULL,NULL,2614
2615,NULL,RR,NULL,NULL,2615
2616,NULL,RR,NULL,NULL,2616
2617,NULL,RR,NULL,NULL,2617
2618,NULL,RR,NULL,NULL,2618
2619,NULL,RR,NULL,NULL,2619
2620,NULL,RR,NULL,NULL,2620
2621,NULL,RR,NULL,NULL,2621
2622,NULL,RR,NULL,NULL,2622
2623,NULL,RR,NULL,NULL,2623
2624,NULL,RR,NULL,NULL,2624
2625,NULL,RR,NULL,NULL,2625
2626,NULL,RR,NULL,NULL,2626
2627,NULL,RR,NULL,NULL,2627
2628,NULL,RR,NULL,NULL,2628
2629,NULL,RR,NULL,NULL,2629
2630,NULL,RR,NULL,NULL,2630
2631,NULL,RR,NULL,NULL,2631
2632,NULL,RR,NULL,NULL,2632
2633,NULL,RR,NULL,NULL,2633
2634,NULL,RR,NULL,NULL,2634
2635,NULL,RR,NULL,NULL,2635
2636,NULL,RR,NULL,NULL,2636
2637,NULL,RR,NULL,NULL,2637
2638,NULL,RR,NULL,NULL,2638
2639,NULL,RR,NULL,NULL,2639
2640,NULL,RR,NULL,NULL,2640
2641,NULL,RR,NULL,NULL,2641
2642,NULL,RR,NULL,NULL,2642
2643,NULL,RR,NULL,NULL,2643
2644,NULL,RR,NULL,NULL,2644
2645,NULL,RR,NULL,NULL,2645
2646,NULL,RR,NULL,NULL,2646
2647,NULL,RR,NULL,NULL,2647
2648,NULL,RR,NULL,NULL,2648
2649,NULL,RR,NULL,NULL,2649
2650,NULL,RR,NULL,NULL,2650
2651,NULL,RR,NULL,NULL,2651
2652,NULL,RR,NULL,NULL,2652
2653,NULL,RR,NULL,NULL,2653
2654,NULL,RR,NULL,NULL,2654
2655,NULL,RR,NULL,NULL,2655
2656,NULL,RR,NULL,NULL,2656
2657,NULL,RR,NULL,NULL,2657
2658,NULL,RR,NULL,NULL,2658
2659,NULL,RR,NULL,NULL,2659
2660,NULL,RR,NULL,NULL,2660
2661,NULL,RR,NULL,NULL,2661
2662,NULL,RR,NULL,NULL,2662
2663,NULL,RR,NULL,NULL,2663
2664,NULL,RR,NULL,NULL,2664
2665,NULL,RR,NULL,NULL,2665
2666,NULL,RR,NULL,NULL,2666
2667,NULL,RR,NULL,NULL,2667
2668,NULL,RR,NULL,NULL,2668
2669,NULL,RR,NULL,NULL,2669
2670,NULL,RR,NULL,NULL,2670
2671,NULL,RR,NULL,NULL,2671
2672,NULL,RR,NULL,NULL,2672
2673,NULL,RR,NULL,NULL,2673
2674,NULL,RR,NULL,NULL,2674
2675,NULL,RR,NULL,NULL,2675
2676,NULL,RR,NULL,NULL,2676
2677,NULL,RR,NULL,NULL,2677
2678,NULL,RR,NULL,NULL,2678
2679,NULL,RR,NULL,NULL,2679
2680,NULL,RR,NULL,NULL,2680
2681,NULL,RR,NULL,NULL,2681
2682,NULL,RR,NULL,NULL,2682
2683,NULL,RR,NULL,NULL,2683
2684,NULL,RR,NULL,NULL,2684
2685,NULL,RR,NULL,NULL,2685
2686,NULL,RR,NULL,NULL,2686
2687,NULL,RR,NULL,NULL,2687
2688,NULL,RR,NULL,NULL,2688
2689,NULL,RR,NULL,NULL,2689
2690,NULL,RR,NULL,NULL,2690
2691,NULL,RR,NULL,NULL,2691
2692,NULL,RR,NULL,NULL,2692
2693,NULL,RR,NULL,NULL,2693
2694,NULL,RR,NULL,NULL,2694
2695,NULL,RR,NULL,NULL,2695
2696,NULL,RR,NULL,NULL,2696
2697,NULL,RR,NULL,NULL,2697
2698,NULL,RR,NULL,NULL,2698
2699,NULL,RR,NULL,NULL,2699
2700,NULL,RR,NULL,NULL,2700
2701,NULL,RR,NULL,NULL,2701
2702,NULL,RR,NULL,NULL,2702
2703,NULL,RR,NULL,NULL,2703
2704,NULL,RR,NULL,NULL,2704
2705,NULL,RR,NULL,NULL,2705
2706,NULL,RR,NULL,NULL,2706
2707,NULL,RR,NULL,NULL,2707
2708,NULL,RR,NULL,NULL,2708
2709,NULL,RR,NULL,NULL,2709
2710,NULL,RR,NULL,NULL,2710
2711,NULL,RR,NULL,NULL,2711
2712,NULL,RR,NULL,NULL,2712
2713,NULL,RR,NULL,NULL,2713
2714,NULL,RR,NULL,NULL,2714
2715,NULL,RR,NULL,NULL,2715
2716,NULL,RR,NULL,NULL,2716
2717,NULL,RR,NULL,NULL,2717
2718,NULL,RR,NULL,NULL,2718
2719,NULL,RR,NULL,NULL,2719
2720,NULL,RR,NULL,NULL,2720
2721,NULL,RR,NULL,NULL,2721
2722,NULL,RR,NULL,NULL,2722
2723,NULL,RR,NULL,NULL,2723
2724,NULL,RR,NULL,NULL,2724
2725,NULL,RR,NULL,NULL,2725
2726,NULL,RR,NULL,NULL,2726
2727,NULL,RR,NULL,NULL,2727
2728,NULL,RR,NULL,NULL,2728
2729,NULL,RR,NULL,NULL,2729
2730,NULL,RR,NULL,NULL,2730
2731,NULL,RR,NULL,NULL,2731
2732,NULL,RR,NULL,NULL,2732
2733,NULL,RR,NULL,NULL,2733
2734,NULL,RR,NULL,NULL,2734
2735,NULL,RR,NULL,NULL,2735
2736,NULL,RR,NULL,NULL,2736
2737,NULL,RR,NULL,NULL,2737
2738,NULL,3R,NULL,NULL,2738
2739,NULL,3R,NULL,NULL,2739
2740,NULL,3R,NULL,NULL,2740
2741,NULL,3R,NULL,NULL,2741
2742,NULL,3R,NULL,NULL,2742
2743,NULL,3R,NULL,NULL,2743
2744,NULL,3R,NULL,NULL,2744
2745,NULL,3R,NULL,NULL,2745
2746,NULL,3R,NULL,NULL,2746
2747,NULL,3R,NULL,NULL,2747
A3R036,NULL,3R,NULL,NULL,A3R036
A3R053,NULL,3R,NULL,NULL,A3R053
A3R071,NULL,3R,NULL,NULL,A3R071
A3R088,NULL,3R,NULL,NULL,A3R088
A3R106,NULL,3R,NULL,NULL,A3R106
A3R123,NULL,3R,NULL,NULL,A3R123
A3R141,NULL,3R,NULL,NULL,A3R141
A3R158,NULL,3R,NULL,NULL,A3R158
A3R176,NULL,3R,NULL,NULL,A3R176
A3R193,NULL,3R,NULL,NULL,A3R193
A3R211,NULL,3R,NULL,NULL,A3R211
A3R228,NULL,3R,NULL,NULL,A3R228
A3R246,NULL,3R,NULL,NULL,A3R246
A3R263,NULL,3R,NULL,NULL,A3R263
A3R281,NULL,3R,NULL,NULL,A3R281
A3R298,NULL,3R,NULL,NULL,A3R298
A3R316,NULL,3R,NULL,NULL,A3R316
A3R333,NULL,3R,NULL,NULL,A3R333
A3R351,NULL,3R,NULL,NULL,A3R351
A3R368,NULL,3R,NULL,NULL,A3R368
A3R386,NULL,3R,NULL,NULL,A3R386
A3R403,NULL,3R,NULL,NULL,A3R403
A3R421,NULL,3R,NULL,NULL,A3R421
A3R438,NULL,3R,NULL,NULL,A3R438
A3R456,NULL,3R,NULL,NULL,A3R456
A3R473,NULL,3R,NULL,NULL,A3R473
A3R491,NULL,3R,NULL,NULL,A3R491
A3R508,NULL,3R,NULL,NULL,A3R508
A3R526,NULL,3R,NULL,NULL,A3R526
A3R543,NULL,3R,NULL,NULL,A3R543
A3R561,NULL,3R,NULL,NULL,A3R561
A4R008,NULL,4R,NULL,NULL,A4R008
A4R026,NULL,4R,NULL,NULL,A4R026
A4R043,NULL,4R,NULL,NULL,A4R043
A4R061,NULL,4R,NULL,NULL,A4R061
A4R078,NULL,4R,NULL,NULL,A4R078
A4R096,NULL,4R,NULL,NULL,A4R096
A4R113,NULL,4R,NULL,NULL,A4R113
A4R131,NULL,4R,NULL,NULL,A4R131
A4R148,NULL,4R,NULL,NULL,A4R148
A4R166,NULL,4R,NULL,NULL,A4R166
A4R183,NULL,4R,NULL,NULL,A4R183
A4R201,NULL,4R,NULL,NULL,A4R201
A4R218,NULL,4R,NULL,NULL,A4R218
A4R236,NULL,4R,NULL,NULL,A4R236
A4R253,NULL,4R,NULL,NULL,A4R253
A4R271,NULL,4R,NULL,NULL,A4R271
A4R288,NULL,4R,NULL,NULL,A4R288
A4R306,NULL,4R,NULL,NULL,A4R306
A4R323,NULL,4R,NULL,NULL,A4R323
A4R341,NULL,4R,NULL,NULL,A4R341
A4R358,NULL,4R,NULL,NULL,A4R358
A4R376,NULL,4R,NULL,NULL,A4R376
A4R393,NULL,4R,NULL,NULL,A4R393
A4R411,NULL,4R,NULL,NULL,A4R411
A4R428,NULL,4R,NULL,NULL,A4R428
A4R446,NULL,4R,NULL,NULL,A4R446
A4R463,NULL,4R,NULL,NULL,A4R463
A4R481,NULL,4R,NULL,NULL,A4R481
A4R498,NULL,4R,NULL,NULL,A4R498
A4R516,NULL,4R,NULL,NULL,A4R516
A4R533,NULL,4R,NULL,NULL,A4R533
A4R551,NULL,4R,NULL,NULL,A4R551
A4R568,NULL,4R,NULL,NULL,A4R568
A5R016,NULL,5R,NULL,NULL,A5R016
A5R033,NULL,5R,NULL,NULL,A5R033
A5R051,NULL,5R,NULL,NULL,A5R051
A5R068,NULL,5R,NULL,NULL,A5R068
A5R086,NULL,5R,NULL,NULL,A5R086
A5R103,NULL,5R,NULL,NULL,A5R103
A5R121,NULL,5R,NULL,NULL,A5R121
A5R138,NULL,5R,NULL,NULL,A5R138
A5R156,NULL,5R,NULL,NULL,A5R156
A5R173,NULL,5R,NULL,NULL,A5R173
A5R191,NULL,5R,NULL,NULL,A5R191
A5R208,NULL,5R,NULL,NULL,A5R208
A5R226,NULL,5R,NULL,NULL,A5R226
A5R243,NULL,5R,NULL,NULL,A5R243
A5R261,NULL,5R,NULL,NULL,A5R261
A5R278,NULL,5R,NULL,NULL,A5R278
A5R296,NULL,5R,NULL,NULL,A5R296
A5R313,NULL,5R,NULL,NULL,A5R313
A5R331,NULL,5R,NULL,NULL,A5R331
A5R348,NULL,5R,NULL,NULL,A5R348
A5R366,NULL,5R,NULL,NULL,A5R366
A5R383,NULL,5R,NULL,NULL,A5R383
A5R401,NULL,5R,NULL,NULL,A5R401
A5R418,NULL,5R,NULL,NULL,A5R418
A5R436,NULL,5R,NULL,NULL,A5R436
A5R453,NULL,5R,NULL,NULL,A5R453
A5R471,NULL,5R,NULL,NULL,A5R471
A5R488,NULL,5R,NULL,NULL,A5R488
A5R506,NULL,5R,NULL,NULL,A5R506
A5R523,NULL,5R,NULL,NULL,A5R523
A5R541,NULL,5R,NULL,NULL,A5R541
A5R558,NULL,5R,NULL,NULL,A5R558
CH1035,NULL,H1,NULL,NULL,CH1035
CH1042,NULL,H1,NULL,NULL,CH1042
CH1049,NULL,H1,NULL,NULL,CH1049
CH1056,NULL,H1,NULL,NULL,CH1056
CH1064,NULL,H1,NULL,NULL,CH1064
CH1071,NULL,H1,NULL,NULL,CH1071
CH1078,NULL,H1,NULL,NULL,CH1078
CH1086,NULL,H1,NULL,NULL,CH1086
CH1093,NULL,H1,NULL,NULL,CH1093
CH1100,NULL,H1,NULL,NULL,CH1100
CH1107,NULL,H1,NULL,NULL,CH1107
CH1115,NULL,H1,NULL,NULL,CH1115
CH1122,NULL,H1,NULL,NULL,CH1122
CH1129,NULL,H1,NULL,NULL,CH1129
CH1136,NULL,H1,NULL,NULL,CH1136
CH1144,NULL,H1,NULL,NULL,CH1144
CH1151,NULL,H1,NULL,NULL,CH1151
CH1158,NULL,H1,NULL,NULL,CH1158
CH1165,NULL,H1,NULL,NULL,CH1165
CH1173,NULL,H1,NULL,NULL,CH1173
CH1180,NULL,H1,NULL,NULL,CH1180
CH1187,NULL,H1,NULL,NULL,CH1187
CH1194,NULL,H1,NULL,NULL,CH1194
CH1202,NULL,H1,NULL,NULL,CH1202
CH1209,NULL,H1,NULL,NULL,CH1209
CH1216,NULL,H1,NULL,NULL,CH1216
CH1305,NULL,H1,NULL,NULL,CH1305
CH1312,NULL,H1,NULL,NULL,CH1312
CH1319,NULL,H1,NULL,NULL,CH1319
CH1326,NULL,H1,NULL,NULL,CH1326
CH1334,NULL,H1,NULL,NULL,CH1334
CH1341,NULL,H1,NULL,NULL,CH1341
CH1348,NULL,H1,NULL,NULL,CH1348
CH1356,NULL,H1,NULL,NULL,CH1356
CH1363,NULL,H1,NULL,NULL,CH1363
CH1370,NULL,H1,NULL,NULL,CH1370
CH1377,NULL,H1,NULL,NULL,CH1377
CH1385,NULL,H1,NULL,NULL,CH1385
CH1392,NULL,H1,NULL,NULL,CH1392
CH1399,NULL,H1,NULL,NULL,CH1399
CH1406,NULL,H1,NULL,NULL,CH1406
CH1414,NULL,H1,NULL,NULL,CH1414
CH1421,NULL,H1,NULL,NULL,CH1421
CH1428,NULL,H1,NULL,NULL,CH1428
CH1435,NULL,H1,NULL,NULL,CH1435
CH1443,NULL,H1,NULL,NULL,CH1443
CH1450,NULL,H1,NULL,NULL,CH1450
CH1457,NULL,H1,NULL,NULL,CH1457
CH1464,NULL,H1,NULL,NULL,CH1464
CH1472,NULL,H1,NULL,NULL,CH1472
CH1479,NULL,H1,NULL,NULL,CH1479
CH1486,NULL,H1,NULL,NULL,CH1486
CH1493,NULL,H1,NULL,NULL,CH1493
CH2040,NULL,H2,NULL,NULL,CH2040
CH2047,NULL,H2,NULL,NULL,CH2047
CH2054,NULL,H2,NULL,NULL,CH2054
CH2062,NULL,H2,NULL,NULL,CH2062
CH2069,NULL,H2,NULL,NULL,CH2069
CH2076,NULL,H2,NULL,NULL,CH2076
CH2083,NULL,H2,NULL,NULL,CH2083
CH2091,NULL,H2,NULL,NULL,CH2091
CH2098,NULL,H2,NULL,NULL,CH2098
CH2105,NULL,H2,NULL,NULL,CH2105
CH2112,NULL,H2,NULL,NULL,CH2112
CH2120,NULL,H2,NULL,NULL,CH2120
CH2127,NULL,H2,NULL,NULL,CH2127
CH2134,NULL,H2,NULL,NULL,CH2134
CH2142,NULL,H2,NULL,NULL,CH2142
CH2149,NULL,H2,NULL,NULL,CH2149
CH2156,NULL,H2,NULL,NULL,CH2156
CH2163,NULL,H2,NULL,NULL,CH2163
CH2171,NULL,H2,NULL,NULL,CH2171
CH2178,NULL,H2,NULL,NULL,CH2178
CH2185,NULL,H2,NULL,NULL,CH2185
CH2192,NULL,H2,NULL,NULL,CH2192
CH2200,NULL,H2,NULL,NULL,CH2200
CH2207,NULL,H2,NULL,NULL,CH2207
CH2214,NULL,H2,NULL,NULL,CH2214
CH2315,NULL,H2,NULL,NULL,CH2315
CH2322,NULL,H2,NULL,NULL,CH2322
CH2330,NULL,H2,NULL,NULL,CH2330
CH2337,NULL,H2,NULL,NULL,CH2337
CH2344,NULL,H2,NULL,NULL,CH2344
CH2351,NULL,H2,NULL,NULL,CH2351
CH2359,NULL,H2,NULL,NULL,CH2359
CH2366,NULL,H2,NULL,NULL,CH2366
CH2373,NULL,H2,NULL,NULL,CH2373
CH2380,NULL,H2,NULL,NULL,CH2380
CH2388,NULL,H2,NULL,NULL,CH2388
CH2395,NULL,H2,NULL,NULL,CH2395
CH2402,NULL,H2,NULL,NULL,CH2402
CH2409,NULL,H2,NULL,NULL,CH2409
CH2417,NULL,H2,NULL,NULL,CH2417
CH2424,NULL,H2,NULL,NULL,CH2424
CH2431,NULL,H2,NULL,NULL,CH2431
CH2438,NULL,H2,NULL,NULL,CH2438
CH2446,NULL,H2,NULL,NULL,CH2446
CH2453,NULL,H2,NULL,NULL,CH2453
CH2460,NULL,H2,NULL,NULL,CH2460
CH2468,NULL,H2,NULL,NULL,CH2468
CH2475,NULL,H2,NULL,NULL,CH2475
CH2482,NULL,H2,NULL,NULL,CH2482
CH2489,NULL,H2,NULL,NULL,CH2489
CH2496,NULL,H2,NULL,NULL,CH2496
CH3043,NULL,H3,NULL,NULL,CH3043
CH3050,NULL,H3,NULL,NULL,CH3050
CH3057,NULL,H3,NULL,NULL,CH3057
CH3065,NULL,H3,NULL,NULL,CH3065
CH3072,NULL,H3,NULL,NULL,CH3072
CH3079,NULL,H3,NULL,NULL,CH3079
CH3086,NULL,H3,NULL,NULL,CH3086
CH3094,NULL,H3,NULL,NULL,CH3094
CH3101,NULL,H3,NULL,NULL,CH3101
CH3108,NULL,H3,NULL,NULL,CH3108
CH3116,NULL,H3,NULL,NULL,CH3116
CH3123,NULL,H3,NULL,NULL,CH3123
CH3130,NULL,H3,NULL,NULL,CH3130
CH3137,NULL,H3,NULL,NULL,CH3137
CH3145,NULL,H3,NULL,NULL,CH3145
CH3152,NULL,H3,NULL,NULL,CH3152
CH3159,NULL,H3,NULL,NULL,CH3159
CH3166,NULL,H3,NULL,NULL,CH3166
CH3174,NULL,H3,NULL,NULL,CH3174
CH3181,NULL,H3,NULL,NULL,CH3181
CH3188,NULL,H3,NULL,NULL,CH3188
CH3195,NULL,H3,NULL,NULL,CH3195
CH3203,NULL,H3,NULL,NULL,CH3203
CH3210,NULL,H3,NULL,NULL,CH3210
CH3217,NULL,H3,NULL,NULL,CH3217
CH3306,NULL,H3,NULL,NULL,CH3306
CH3313,NULL,H3,NULL,NULL,CH3313
CH3320,NULL,H3,NULL,NULL,CH3320
CH3327,NULL,H3,NULL,NULL,CH3327
CH3335,NULL,H3,NULL,NULL,CH3335
CH3342,NULL,H3,NULL,NULL,CH3342
CH3349,NULL,H3,NULL,NULL,CH3349
CH3356,NULL,H3,NULL,NULL,CH3356
CH3364,NULL,H3,NULL,NULL,CH3364
CH3371,NULL,H3,NULL,NULL,CH3371
CH3378,NULL,H3,NULL,NULL,CH3378
CH3385,NULL,H3,NULL,NULL,CH3385
CH3393,NULL,H3,NULL,NULL,CH3393
CH3400,NULL,H3,NULL,NULL,CH3400
CH3407,NULL,H3,NULL,NULL,CH3407
CH3414,NULL,H3,NULL,NULL,CH3414
CH3422,NULL,H3,NULL,NULL,CH3422
CH3429,NULL,H3,NULL,NULL,CH3429
CH3436,NULL,H3,NULL,NULL,CH3436
CH3444,NULL,H3,NULL,NULL,CH3444
CH3451,NULL,H3,NULL,NULL,CH3451
CH3458,NULL,H3,NULL,NULL,CH3458
CH3465,NULL,H3,NULL,NULL,CH3465
CH3473,NULL,H3,NULL,NULL,CH3473
CH3480,NULL,H3,NULL,NULL,CH3480
CH3487,NULL,H3,NULL,NULL,CH3487
CH3494,NULL,H3,NULL,NULL,CH3494
CJ1039,NULL,J1,NULL,NULL,CJ1039
CJ1046,NULL,J1,NULL,NULL,CJ1046
CJ1053,NULL,J1,NULL,NULL,CJ1053
CJ1061,NULL,J1,NULL,NULL,CJ1061
CJ1068,NULL,J1,NULL,NULL,CJ1068
CJ1075,NULL,J1,NULL,NULL,CJ1075
CJ1082,NULL,J1,NULL,NULL,CJ1082
CJ1090,NULL,J1,NULL,NULL,CJ1090
CJ1097,NULL,J1,NULL,NULL,CJ1097
CJ1104,NULL,J1,NULL,NULL,CJ1104
CJ1112,NULL,J1,NULL,NULL,CJ1112
CJ1119,NULL,J1,NULL,NULL,CJ1119
CJ1126,NULL,J1,NULL,NULL,CJ1126
CJ1133,NULL,J1,NULL,NULL,CJ1133
CJ1141,NULL,J1,NULL,NULL,CJ1141
CJ1148,NULL,J1,NULL,NULL,CJ1148
CJ1155,NULL,J1,NULL,NULL,CJ1155
CJ1162,NULL,J1,NULL,NULL,CJ1162
CJ1170,NULL,J1,NULL,NULL,CJ1170
CJ1177,NULL,J1,NULL,NULL,CJ1177
CJ1184,NULL,J1,NULL,NULL,CJ1184
CJ1191,NULL,J1,NULL,NULL,CJ1191
CJ1199,NULL,J1,NULL,NULL,CJ1199
CJ1206,NULL,J1,NULL,NULL,CJ1206
CJ1213,NULL,J1,NULL,NULL,CJ1213
CJ1302,NULL,J1,NULL,NULL,CJ1302
CJ1309,NULL,J1,NULL,NULL,CJ1309
CJ1316,NULL,J1,NULL,NULL,CJ1316
CJ1323,NULL,J1,NULL,NULL,CJ1323
CJ1331,NULL,J1,NULL,NULL,CJ1331
CJ1338,NULL,J1,NULL,NULL,CJ1338
CJ1345,NULL,J1,NULL,NULL,CJ1345
CJ1352,NULL,J1,NULL,NULL,CJ1352
CJ1360,NULL,J1,NULL,NULL,CJ1360
CJ1367,NULL,J1,NULL,NULL,CJ1367
CJ1374,NULL,J1,NULL,NULL,CJ1374
CJ1381,NULL,J1,NULL,NULL,CJ1381
CJ1389,NULL,J1,NULL,NULL,CJ1389
CJ1396,NULL,J1,NULL,NULL,CJ1396
CJ1403,NULL,J1,NULL,NULL,CJ1403
CJ1410,NULL,J1,NULL,NULL,CJ1410
CJ1418,NULL,J1,NULL,NULL,CJ1418
CJ1425,NULL,J1,NULL,NULL,CJ1425
CJ1432,NULL,J1,NULL,NULL,CJ1432
CJ1440,NULL,J1,NULL,NULL,CJ1440
CJ1447,NULL,J1,NULL,NULL,CJ1447
CJ1454,NULL,J1,NULL,NULL,CJ1454
CJ1461,NULL,J1,NULL,NULL,CJ1461
CJ1469,NULL,J1,NULL,NULL,CJ1469
CJ1476,NULL,J1,NULL,NULL,CJ1476
CJ1483,NULL,J1,NULL,NULL,CJ1483
CJ1490,NULL,J1,NULL,NULL,CJ1490
CJ2037,NULL,J2,NULL,NULL,CJ2037
CJ2044,NULL,J2,NULL,NULL,CJ2044
CJ2051,NULL,J2,NULL,NULL,CJ2051
CJ2058,NULL,J2,NULL,NULL,CJ2058
CJ2066,NULL,J2,NULL,NULL,CJ2066
CJ2073,NULL,J2,NULL,NULL,CJ2073
CJ2080,NULL,J2,NULL,NULL,CJ2080
CJ2088,NULL,J2,NULL,NULL,CJ2088
CJ2095,NULL,J2,NULL,NULL,CJ2095
CJ2102,NULL,J2,NULL,NULL,CJ2102
CJ2109,NULL,J2,NULL,NULL,CJ2109
CJ2117,NULL,J2,NULL,NULL,CJ2117
CJ2124,NULL,J2,NULL,NULL,CJ2124
CJ2131,NULL,J2,NULL,NULL,CJ2131
CJ2138,NULL,J2,NULL,NULL,CJ2138
CJ2146,NULL,J2,NULL,NULL,CJ2146
CJ2153,NULL,J2,NULL,NULL,CJ2153
CJ2160,NULL,J2,NULL,NULL,CJ2160
CJ2167,NULL,J2,NULL,NULL,CJ2167
CJ2175,NULL,J2,NULL,NULL,CJ2175
CJ2182,NULL,J2,NULL,NULL,CJ2182
CJ2189,NULL,J2,NULL,NULL,CJ2189
CJ2196,NULL,J2,NULL,NULL,CJ2196
CJ2204,NULL,J2,NULL,NULL,CJ2204
CJ2211,NULL,J2,NULL,NULL,CJ2211
CJ2218,NULL,J2,NULL,NULL,CJ2218
CJ2319,NULL,J2,NULL,NULL,CJ2319
CJ2326,NULL,J2,NULL,NULL,CJ2326
CJ2334,NULL,J2,NULL,NULL,CJ2334
CJ2341,NULL,J2,NULL,NULL,CJ2341
CJ2348,NULL,J2,NULL,NULL,CJ2348
CJ2355,NULL,J2,NULL,NULL,CJ2355
CJ2363,NULL,J2,NULL,NULL,CJ2363
CJ2370,NULL,J2,NULL,NULL,CJ2370
CJ2377,NULL,J2,NULL,NULL,CJ2377
CJ2384,NULL,J2,NULL,NULL,CJ2384
CJ2392,NULL,J2,NULL,NULL,CJ2392
CJ2399,NULL,J2,NULL,NULL,CJ2399
CJ2406,NULL,J2,NULL,NULL,CJ2406
CJ2414,NULL,J2,NULL,NULL,CJ2414
CJ2421,NULL,J2,NULL,NULL,CJ2421
CJ2428,NULL,J2,NULL,NULL,CJ2428
CJ2435,NULL,J2,NULL,NULL,CJ2435
CJ2443,NULL,J2,NULL,NULL,CJ2443
CJ2450,NULL,J2,NULL,NULL,CJ2450
CJ2457,NULL,J2,NULL,NULL,CJ2457
CJ2464,NULL,J2,NULL,NULL,CJ2464
CJ2472,NULL,J2,NULL,NULL,CJ2472
CJ2479,NULL,J2,NULL,NULL,CJ2479
CJ2486,NULL,J2,NULL,NULL,CJ2486
CJ2493,NULL,J2,NULL,NULL,CJ2493
CJ3040,NULL,J3,NULL,NULL,CJ3040
CJ3047,NULL,J3,NULL,NULL,CJ3047
CJ3054,NULL,J3,NULL,NULL,CJ3054
CJ3062,NULL,J3,NULL,NULL,CJ3062
CJ3069,NULL,J3,NULL,NULL,CJ3069
CJ3076,NULL,J3,NULL,NULL,CJ3076
CJ3083,NULL,J3,NULL,NULL,CJ3083
CJ3091,NULL,J3,NULL,NULL,CJ3091
CJ3098,NULL,J3,NULL,NULL,CJ3098
CJ3105,NULL,J3,NULL,NULL,CJ3105
CJ3112,NULL,J3,NULL,NULL,CJ3112
CJ3120,NULL,J3,NULL,NULL,CJ3120
CJ3127,NULL,J3,NULL,NULL,CJ3127
CJ3134,NULL,J3,NULL,NULL,CJ3134
CJ3141,NULL,J3,NULL,NULL,CJ3141
CJ3149,NULL,J3,NULL,NULL,CJ3149
CJ3156,NULL,J3,NULL,NULL,CJ3156
CJ3163,NULL,J3,NULL,NULL,CJ3163
CJ3170,NULL,J3,NULL,NULL,CJ3170
CJ3178,NULL,J3,NULL,NULL,CJ3178
CJ3185,NULL,J3,NULL,NULL,CJ3185
CJ3192,NULL,J3,NULL,NULL,CJ3192
CJ3200,NULL,J3,NULL,NULL,CJ3200
CJ3207,NULL,J3,NULL,NULL,CJ3207
CJ3214,NULL,J3,NULL,NULL,CJ3214
CJ3221,NULL,J3,NULL,NULL,CJ3221
CJ3310,NULL,J3,NULL,NULL,CJ3310
CJ3317,NULL,J3,NULL,NULL,CJ3317
CJ3324,NULL,J3,NULL,NULL,CJ3324
CJ3332,NULL,J3,NULL,NULL,CJ3332
CJ3339,NULL,J3,NULL,NULL,CJ3339
CJ3346,NULL,J3,NULL,NULL,CJ3346
CJ3353,NULL,J3,NULL,NULL,CJ3353
CJ3361,NULL,J3,NULL,NULL,CJ3361
CJ3368,NULL,J3,NULL,NULL,CJ3368
CJ3375,NULL,J3,NULL,NULL,CJ3375
CJ3382,NULL,J3,NULL,NULL,CJ3382
CJ3390,NULL,J3,NULL,NULL,CJ3390
CJ3397,NULL,J3,NULL,NULL,CJ3397
CJ3404,NULL,J3,NULL,NULL,CJ3404
CJ3411,NULL,J3,NULL,NULL,CJ3411
CJ3419,NULL,J3,NULL,NULL,CJ3419
CJ3426,NULL,J3,NULL,NULL,CJ3426
CJ3433,NULL,J3,NULL,NULL,CJ3433
CJ3440,NULL,J3,NULL,NULL,CJ3440
CJ3448,NULL,J3,NULL,NULL,CJ3448
CJ3455,NULL,J3,NULL,NULL,CJ3455
CJ3462,NULL,J3,NULL,NULL,CJ3462
CJ3470,NULL,J3,NULL,NULL,CJ3470
CJ3477,NULL,J3,NULL,NULL,CJ3477
CJ3484,NULL,J3,NULL,NULL,CJ3484
CJ3491,NULL,J3,NULL,NULL,CJ3491
CK1036,NULL,K1,NULL,NULL,CK1036
CK1043,NULL,K1,NULL,NULL,CK1043
CK1050,NULL,K1,NULL,NULL,CK1050
CK1058,NULL,K1,NULL,NULL,CK1058
CK1065,NULL,K1,NULL,NULL,CK1065
CK1072,NULL,K1,NULL,NULL,CK1072
CK1079,NULL,K1,NULL,NULL,CK1079
CK1087,NULL,K1,NULL,NULL,CK1087
CK1094,NULL,K1,NULL,NULL,CK1094
CK1101,NULL,K1,NULL,NULL,CK1101
CK1108,NULL,K1,NULL,NULL,CK1108
CK1116,NULL,K1,NULL,NULL,CK1116
CK1123,NULL,K1,NULL,NULL,CK1123
CK1130,NULL,K1,NULL,NULL,CK1130
CK1137,NULL,K1,NULL,NULL,CK1137
CK1145,NULL,K1,NULL,NULL,CK1145
CK1152,NULL,K1,NULL,NULL,CK1152
CK1159,NULL,K1,NULL,NULL,CK1159
CK1166,NULL,K1,NULL,NULL,CK1166
CK1174,NULL,K1,NULL,NULL,CK1174
CK1181,NULL,K1,NULL,NULL,CK1181
CK1188,NULL,K1,NULL,NULL,CK1188
CK1196,NULL,K1,NULL,NULL,CK1196
CK1203,NULL,K1,NULL,NULL,CK1203
CK1210,NULL,K1,NULL,NULL,CK1210
CK1217,NULL,K1,NULL,NULL,CK1217
CK1306,NULL,K1,NULL,NULL,CK1306
CK1313,NULL,K1,NULL,NULL,CK1313
CK1320,NULL,K1,NULL,NULL,CK1320
CK1328,NULL,K1,NULL,NULL,CK1328
CK1335,NULL,K1,NULL,NULL,CK1335
CK1342,NULL,K1,NULL,NULL,CK1342
CK1349,NULL,K1,NULL,NULL,CK1349
CK1357,NULL,K1,NULL,NULL,CK1357
CK1364,NULL,K1,NULL,NULL,CK1364
CK1371,NULL,K1,NULL,NULL,CK1371
CK1378,NULL,K1,NULL,NULL,CK1378
CK1386,NULL,K1,NULL,NULL,CK1386
CK1393,NULL,K1,NULL,NULL,CK1393
CK1400,NULL,K1,NULL,NULL,CK1400
CK1407,NULL,K1,NULL,NULL,CK1407
CK1415,NULL,K1,NULL,NULL,CK1415
CK1422,NULL,K1,NULL,NULL,CK1422
CK1429,NULL,K1,NULL,NULL,CK1429
CK1436,NULL,K1,NULL,NULL,CK1436
CK1444,NULL,K1,NULL,NULL,CK1444
CK1451,NULL,K1,NULL,NULL,CK1451
CK1458,NULL,K1,NULL,NULL,CK1458
CK1466,NULL,K1,NULL,NULL,CK1466
CK1473,NULL,K1,NULL,NULL,CK1473
CK1480,NULL,K1,NULL,NULL,CK1480
CK1487,NULL,K1,NULL,NULL,CK1487
CK1494,NULL,K1,NULL,NULL,CK1494
CK2041,NULL,K2,NULL,NULL,CK2041
CK2048,NULL,K2,NULL,NULL,CK2048
CK2055,NULL,K2,NULL,NULL,CK2055
CK2063,NULL,K2,NULL,NULL,CK2063
CK2070,NULL,K2,NULL,NULL,CK2070
CK2077,NULL,K2,NULL,NULL,CK2077
CK2084,NULL,K2,NULL,NULL,CK2084
CK2092,NULL,K2,NULL,NULL,CK2092
CK2099,NULL,K2,NULL,NULL,CK2099
CK2106,NULL,K2,NULL,NULL,CK2106
CK2114,NULL,K2,NULL,NULL,CK2114
CK2121,NULL,K2,NULL,NULL,CK2121
CK2128,NULL,K2,NULL,NULL,CK2128
CK2135,NULL,K2,NULL,NULL,CK2135
CK2143,NULL,K2,NULL,NULL,CK2143
CK2150,NULL,K2,NULL,NULL,CK2150
CK2157,NULL,K2,NULL,NULL,CK2157
CK2164,NULL,K2,NULL,NULL,CK2164
CK2172,NULL,K2,NULL,NULL,CK2172
CK2179,NULL,K2,NULL,NULL,CK2179
CK2186,NULL,K2,NULL,NULL,CK2186
CK2193,NULL,K2,NULL,NULL,CK2193
CK2201,NULL,K2,NULL,NULL,CK2201
CK2208,NULL,K2,NULL,NULL,CK2208
CK2309,NULL,K2,NULL,NULL,CK2309
CK2316,NULL,K2,NULL,NULL,CK2316
CK2323,NULL,K2,NULL,NULL,CK2323
CK2331,NULL,K2,NULL,NULL,CK2331
CK2338,NULL,K2,NULL,NULL,CK2338
CK2345,NULL,K2,NULL,NULL,CK2345
CK2352,NULL,K2,NULL,NULL,CK2352
CK2360,NULL,K2,NULL,NULL,CK2360
CK2367,NULL,K2,NULL,NULL,CK2367
CK2374,NULL,K2,NULL,NULL,CK2374
CK2381,NULL,K2,NULL,NULL,CK2381
CK2389,NULL,K2,NULL,NULL,CK2389
CK2396,NULL,K2,NULL,NULL,CK2396
CK2403,NULL,K2,NULL,NULL,CK2403
CK2410,NULL,K2,NULL,NULL,CK2410
CK2418,NULL,K2,NULL,NULL,CK2418
CK2425,NULL,K2,NULL,NULL,CK2425
CK2432,NULL,K2,NULL,NULL,CK2432
CK2439,NULL,K2,NULL,NULL,CK2439
CK2447,NULL,K2,NULL,NULL,CK2447
CK2454,NULL,K2,NULL,NULL,CK2454
CK2461,NULL,K2,NULL,NULL,CK2461
CK2469,NULL,K2,NULL,NULL,CK2469
CK2476,NULL,K2,NULL,NULL,CK2476
CK2483,NULL,K2,NULL,NULL,CK2483
CK2490,NULL,K2,NULL,NULL,CK2490
CK3037,NULL,K3,NULL,NULL,CK3037
CK3044,NULL,K3,NULL,NULL,CK3044
CK3051,NULL,K3,NULL,NULL,CK3051
CK3058,NULL,K3,NULL,NULL,CK3058
CK3066,NULL,K3,NULL,NULL,CK3066
CK3073,NULL,K3,NULL,NULL,CK3073
CK3080,NULL,K3,NULL,NULL,CK3080
CK3088,NULL,K3,NULL,NULL,CK3088
CK3095,NULL,K3,NULL,NULL,CK3095
CK3102,NULL,K3,NULL,NULL,CK3102
CK3109,NULL,K3,NULL,NULL,CK3109
CK3117,NULL,K3,NULL,NULL,CK3117
CK3124,NULL,K3,NULL,NULL,CK3124
CK3131,NULL,K3,NULL,NULL,CK3131
CK3138,NULL,K3,NULL,NULL,CK3138
CK3146,NULL,K3,NULL,NULL,CK3146
CK3153,NULL,K3,NULL,NULL,CK3153
CK3160,NULL,K3,NULL,NULL,CK3160
CK3167,NULL,K3,NULL,NULL,CK3167
CK3175,NULL,K3,NULL,NULL,CK3175
CK3182,NULL,K3,NULL,NULL,CK3182
CK3189,NULL,K3,NULL,NULL,CK3189
CK3196,NULL,K3,NULL,NULL,CK3196
CK3204,NULL,K3,NULL,NULL,CK3204
CK3211,NULL,K3,NULL,NULL,CK3211
CK3218,NULL,K3,NULL,NULL,CK3218
CK3309,NULL,K3,NULL,NULL,CK3309
CK3316,NULL,K3,NULL,NULL,CK3316
CK3323,NULL,K3,NULL,NULL,CK3323
CK3330,NULL,K3,NULL,NULL,CK3330
CK3338,NULL,K3,NULL,NULL,CK3338
CK3345,NULL,K3,NULL,NULL,CK3345
CK3352,NULL,K3,NULL,NULL,CK3352
CK3360,NULL,K3,NULL,NULL,CK3360
CK3367,NULL,K3,NULL,NULL,CK3367
CK3374,NULL,K3,NULL,NULL,CK3374
CK3381,NULL,K3,NULL,NULL,CK3381
CK3389,NULL,K3,NULL,NULL,CK3389
CK3396,NULL,K3,NULL,NULL,CK3396
CK3403,NULL,K3,NULL,NULL,CK3403
CK3410,NULL,K3,NULL,NULL,CK3410
CK3418,NULL,K3,NULL,NULL,CK3418
CK3425,NULL,K3,NULL,NULL,CK3425
CK3432,NULL,K3,NULL,NULL,CK3432
CK3439,NULL,K3,NULL,NULL,CK3439
CK3447,NULL,K3,NULL,NULL,CK3447
CK3454,NULL,K3,NULL,NULL,CK3454
CK3461,NULL,K3,NULL,NULL,CK3461
CK3468,NULL,K3,NULL,NULL,CK3468
CK3476,NULL,K3,NULL,NULL,CK3476
CK3483,NULL,K3,NULL,NULL,CK3483
CK3490,NULL,K3,NULL,NULL,CK3490
C1H303,a,1H,a,31a,C1H303
C1H310,a,1H,a,32a,C1H310
C1H317,a,1H,a,33a,C1H317
C1H324,a,1H,a,34a,C1H324
C1H331,a,1H,a,5,C1H331
C1H338,a,1H,a,6,C1H338
C1H345,q,a1H,aaa,7,C1H345
C1H352,q,a1H,aaa,8,C1H352
C1H359,NULL,a1H,NULL,9,C1H359
C1H366,a,1H,a,7,C1H366
C1H373,a,1H,a,8,C1H373
C1H380,a,1H,a,9,C1H380
C1H387,a,1H,a,10,C1H387
C1H394,a,1H,a,11,C1H394
C1H401,a,1H,a,12,C1H401
C1H408,a,1H,a,13,C1H408
C1H423,a,1H,a,14,C1H423
C1H430,a,1H,a,15,C1H430
C1H437,a,1H,a,16,C1H437
C1H444,a,1H,a,17,C1H444
C1H451,a,1H,a,18,C1H451
C1H458,a,1H,a,19,C1H458
C1H465,a,1H,a,20,C1H465
C1H472,a,1H,a,21,C1H472
C1H479,a,1H,a,22,C1H479
C1H486,a,1H,a,23,C1H486
C1H493,a,1H,a,24,C1H493
C1H500,a,1H,a,25,C1H500
C1J031,aaa,1J,aaa,11a,C1J031
C1J038,NULL,1J,bbb,12a,C1J038
C1J045,qa,1J,bbb,13a,C1J045
C1J052,aq,1J,bbb,14a,C1J052
C1J059,aq,1J,aaa,5,C1J059
C1J066,qwe,1J,aaa,6,C1J066
C1J073,q,1J,aaa,10,C1J073
C1J080,q,1J,aaa,11,C1J080
C1J087,q,1J,aaa,12,C1J087
C1J094,q,1J,aaa,13,C1J094
C1J101,q,1J,aaa,14,C1J101
C1J108,q,1J,aaa,15,C1J108
C1J123,q,1J,aaa,16,C1J123
C1J130,q,1J,aaa,17,C1J130
C1J137,q,1J,aaa,18,C1J137
C1J144,q,1J,aaa,19,C1J144
C1J151,qwe,1J,aaa,20,C1J151
C1J158,q,1J,aaa,21,C1J158
C1J165,q,1J,aaa,22,C1J165
C1J172,q,1J,aaa,23,C1J172
C1J179,q,1J,aaa,24,C1J179
C1J186,q,1J,aaa,25,C1J186
C1J193,q,1J,aaa,26,C1J193
C1J200,q,1J,aaa,27,C1J200
C1J207,q,1J,aaa,28,C1J207
C1J214,xxx,1J,NULL,29,C1J214
C1J221,xxx,1J,NULL,30,C1J221
C1J228,xxx,1J,NULL,31,C1J228
C1J303,xxx,1J,NULL,32,C1J303
C1J310,xxx,1J,NULL,33,C1J310
C1J317,xxx,1J,NULL,34,C1J317
C1J324,xxx,1J,NULL,35,C1J324
C1J331,xxx,1J,NULL,36,C1J331
C1J338,xxx,1J,NULL,37,C1J338
C1J345,xxx,1J,NULL,38,C1J345
C1J352,xxx,1J,NULL,39,C1J352
C1J359,xxx,1J,NULL,40,C1J359
C1J366,xxx,1J,NULL,41,C1J366
C1J373,xxx,1J,NULL,42,C1J373
C1J380,xxx,1J,NULL,43,C1J380
C1J387,xxx,1J,NULL,44,C1J387
C1J394,xxx,1J,NULL,45,C1J394
C1J401,xxx,1J,NULL,46,C1J401
C1J408,xxx,1J,NULL,47,C1J408
C1J423,xxx,1J,NULL,48,C1J423
C1J430,xxx,1J,NULL,49,C1J430
C1J437,xxx,1J,NULL,50,C1J437
C1J444,xxx,1J,NULL,51,C1J444
C1J451,xxx,1J,NULL,52,C1J451
C1J458,xxx,1J,NULL,53,C1J458
C1J465,xxx,1J,NULL,54,C1J465
C1J472,xxx,1J,NULL,55,C1J472
C1J479,xxx,1J,NULL,56,C1J479
C1J486,xxx,1J,NULL,57,C1J486
C1J493,xxx,1J,NULL,58,C1J493
C1J500,xxx,1J,NULL,59,C1J500
C1K031,aaa,1K,aaa,1,C1K031
C1K038,NULL,1K,bbb,3,C1K038
C1K045,qa,1K,bbb,5,C1K045
C1K052,aq,1K,bbb,4,C1K052
C1K059,aq,1K,aaa,5,C1K059
C1K066,qwe,1K,aaa,6,C1K066
C1K073,q,1K,aaa,10,C1K073
C1K080,q,1K,aaa,11,C1K080
C1K087,q,1K,aaa,12,C1K087
C1K094,q,1K,aaa,13,C1K094
C1K101,q,1K,aaa,14,C1K101
C1K108,q,1K,aaa,15,C1K108
C1K123,q,1K,aaa,16,C1K123
C1K130,q,1K,aaa,17,C1K130
C1K137,q,1K,aaa,18,C1K137
C1K144,q,1K,aaa,19,C1K144
C1K151,qwe,1K,aaa,20,C1K151
C1K158,q,1K,aaa,21,C1K158
C1K165,q,1K,aaa,22,C1K165
C1K172,NULL,1K,NULL,NULL,C1K172
C1K179,q,1K,aaa,24,C1K179
C1K186,q,1K,aaa,25,C1K186
C1K193,q,1K,aaa,26,C1K193
C1K200,q,1K,aaa,27,C1K200
C1K207,q,1K,aaa,28,C1K207
C1K214,xxx,1K,NULL,29,C1K214
C1K221,xxx,1K,NULL,30,C1K221
C1K228,xxx,1K,NULL,31,C1K228
C2H013,aaa,2H,aaa,1,C2H013
C2H020,NULL,2H,bbb,3,C2H020
C2H027,qa,2H,bbb,5,C2H027
C2H034,aq,2H,bbb,4,C2H034
C2H041,aq,2H,aaa,5,C2H041
C2H048,qwe,2H,aaa,6,C2H048
C2H055,q,2H,aaa,10,C2H055
C2H062,q,2H,aaa,11,C2H062
C2H069,q,2H,aaa,12,C2H069
C2H076,q,2H,aaa,13,C2H076
C2H083,q,2H,aaa,14,C2H083
C2H090,q,2H,aaa,15,C2H090
C2H097,q,2H,aaa,16,C2H097
C2H104,q,2H,aaa,17,C2H104
C2H111,q,2H,aaa,18,C2H111
C2H126,q,2H,aaa,19,C2H126
C2H133,qwe,2H,aaa,20,C2H133
C2H140,q,2H,aaa,21,C2H140
C2H147,q,2H,aaa,22,C2H147
C2H154,q,2H,aaa,23,C2H154
C2H161,q,2H,aaa,24,C2H161
C2H168,q,2H,aaa,25,C2H168
C2H175,q,2H,aaa,26,C2H175
C2H182,q,2H,aaa,27,C2H182
C2H189,q,2H,aaa,28,C2H189
C2H196,xxx,2H,NULL,29,C2H196
C2H203,xxx,2H,NULL,30,C2H203
C2H210,xxx,2H,NULL,31,C2H210
C2H217,xxx,2H,NULL,32,C2H217
C2H224,xxx,2H,NULL,33,C2H224
C2H231,xxx,2H,NULL,34,C2H231
C2H306,xxx,2H,NULL,35,C2H306
C2H313,xxx,2H,NULL,36,C2H313
C2H320,xxx,2H,NULL,37,C2H320
C2H327,xxx,2H,NULL,38,C2H327
C2H334,NULL,2H,NULL,NULL,C2H334
C2H341,xxx,2H,NULL,40,C2H341
C2H348,xxx,2H,NULL,41,C2H348
C2H355,xxx,2H,NULL,42,C2H355
C2H362,xxx,2H,NULL,43,C2H362
C2H369,xxx,2H,NULL,44,C2H369
C2H376,xxx,2H,NULL,45,C2H376
C2H383,xxx,2H,NULL,46,C2H383
C2H390,xxx,2H,NULL,47,C2H390
C2H397,NULL,2H,NULL,NULL,C2H397
C2H404,xxx,2H,NULL,49,C2H404
C2H411,xxx,2H,NULL,50,C2H411
C2H426,xxx,2H,NULL,51,C2H426
C2H433,NULL,2H,NULL,NULL,C2H433
C2H440,NULL,2H,NULL,NULL,C2H440
C2H447,xxx,2H,NULL,54,C2H447
C2H454,xxx,2H,NULL,55,C2H454
C2H461,xxx,2H,NULL,56,C2H461
C2H468,NULL,2H,NULL,NULL,C2H468
C2H475,xxx,2H,NULL,58,C2H475
C2H482,xxx,2H,NULL,59,C2H482
C2H489,NULL,2H,NULL,NULL,C2H489
C2H496,NULL,2H,NULL,NULL,C2H496
C2H503,NULL,2H,NULL,NULL,C2H503
C2J034,aaa,2J,aaa,1,C2J034
C2J041,NULL,2J,bbb,3,C2J041
C2J048,qa,2J,bbb,5,C2J048
C2J055,aq,2J,bbb,4,C2J055
C2J062,aq,2J,aaa,5,C2J062
C2J069,qwe,2J,aaa,6,C2J069
C2J076,q,2J,aaa,10,C2J076
C2J083,q,2J,aaa,11,C2J083
C2J090,q,2J,aaa,12,C2J090
C2J097,q,2J,aaa,13,C2J097
C2J104,q,2J,aaa,14,C2J104
C2J111,q,2J,aaa,15,C2J111
C2J126,q,2J,aaa,16,C2J126
C2J133,q,2J,aaa,17,C2J133
C2J140,q,2J,aaa,18,C2J140
C2J147,NULL,2J,NULL,NULL,C2J147
C2J154,qwe,2J,aaa,20,C2J154
C2J161,q,2J,aaa,21,C2J161
C2J168,q,2J,aaa,22,C2J168
C2J175,q,2J,aaa,23,C2J175
C2J182,q,2J,aaa,24,C2J182
C2J189,q,2J,aaa,25,C2J189
C2J196,q,2J,aaa,26,C2J196
C2J203,q,2J,aaa,27,C2J203
C2J210,q,2J,aaa,28,C2J210
C2J217,xxx,2J,NULL,29,C2J217
C2J224,xxx,2J,NULL,30,C2J224
C2J231,xxx,2J,NULL,31,C2J231
C2J306,xxx,2J,NULL,32,C2J306
C2J313,xxx,2J,NULL,33,C2J313
C2J320,xxx,2J,NULL,34,C2J320
C2J327,xxx,2J,NULL,35,C2J327
C2J334,xxx,2J,NULL,36,C2J334
C2J341,xxx,2J,NULL,37,C2J341
C2J348,xxx,2J,NULL,38,C2J348
C2J355,xxx,2J,NULL,39,C2J355
C2J362,xxx,2J,NULL,40,C2J362
C2J369,xxx,2J,NULL,41,C2J369
C2J376,xxx,2J,NULL,42,C2J376
C2J383,xxx,2J,NULL,43,C2J383
C2J390,xxx,2J,NULL,44,C2J390
C2J397,xxx,2J,NULL,45,C2J397
C2J404,xxx,2J,NULL,46,C2J404
C2J411,xxx,2J,NULL,47,C2J411
C2J426,xxx,2J,NULL,48,C2J426
C2J433,NULL,2J,NULL,NULL,C2J433
C2J440,xxx,2J,NULL,50,C2J440
C2J447,xxx,2J,NULL,51,C2J447
C2J454,xxx,2J,NULL,52,C2J454
C2J461,xxx,2J,NULL,53,C2J461
C2J468,xxx,2J,NULL,54,C2J468
C2J475,xxx,2J,NULL,55,C2J475
C2J482,xxx,2J,NULL,56,C2J482
C2J489,xxx,2J,NULL,57,C2J489
C2J496,xxx,2J,NULL,58,C2J496
C2J503,xxx,2J,NULL,59,C2J503
C2K034,aaa,2K,aaa,1,C2K034
C2K041,NULL,2K,bbb,3,C2K041
C2K048,qa,2K,bbb,5,C2K048
C2K055,aq,2K,bbb,4,C2K055
C2K062,aq,2K,aaa,5,C2K062
C2K069,qwe,2K,aaa,6,C2K069
C2K076,q,2K,aaa,10,C2K076
C2K083,q,2K,aaa,11,C2K083
C2K090,q,2K,aaa,12,C2K090
C2K097,q,2K,aaa,13,C2K097
C2K104,q,2K,aaa,14,C2K104
C2K111,q,2K,aaa,15,C2K111
C2K126,q,2K,aaa,16,C2K126
C2K133,q,2K,aaa,17,C2K133
C2K140,q,2K,aaa,18,C2K140
C2K147,NULL,2K,NULL,NULL,C2K147
C2K154,qwe,2K,aaa,20,C2K154
C2K161,q,2K,aaa,21,C2K161
C2K168,q,2K,aaa,22,C2K168
C2K175,q,2K,aaa,23,C2K175
C2K182,q,2K,aaa,24,C2K182
C2K189,q,2K,aaa,25,C2K189
C2K196,q,2K,aaa,26,C2K196
C2K203,q,2K,aaa,27,C2K203
C2K210,q,2K,aaa,28,C2K210
C2K217,xxx,2K,NULL,29,C2K217
C2K224,xxx,2K,NULL,30,C2K224
C2K231,xxx,2K,NULL,31,C2K231
C2K306,xxx,2K,NULL,32,C2K306
C2K313,xxx,2K,NULL,33,C2K313
C2K320,xxx,2K,NULL,34,C2K320
C2K327,xxx,2K,NULL,35,C2K327
C2K334,xxx,2K,NULL,36,C2K334
C2K341,xxx,2K,NULL,37,C2K341
C2K348,xxx,2K,NULL,38,C2K348
C2K355,xxx,2K,NULL,39,C2K355
C2K362,xxx,2K,NULL,40,C2K362
C2K369,xxx,2K,NULL,41,C2K369
C2K376,xxx,2K,NULL,42,C2K376
C2K383,xxx,2K,NULL,43,C2K383
C2K390,xxx,2K,NULL,44,C2K390
C2K397,xxx,2K,NULL,45,C2K397
C2K404,xxx,2K,NULL,46,C2K404
C2K411,xxx,2K,NULL,47,C2K411
C2K426,xxx,2K,NULL,48,C2K426
C2K433,xxx,2K,NULL,49,C2K433
C2K440,xxx,2K,NULL,50,C2K440
C2K447,xxx,2K,NULL,51,C2K447
C2K454,xxx,2K,NULL,52,C2K454
C2K461,xxx,2K,NULL,53,C2K461
C2K468,xxx,2K,NULL,54,C2K468
C2K475,xxx,2K,NULL,55,C2K475
C2K482,xxx,2K,NULL,56,C2K482
C2K489,xxx,2K,NULL,57,C2K489
C2K496,xxx,2K,NULL,58,C2K496
C2K503,xxx,2K,NULL,59,C2K503
C2K510,NULL,2K,NULL,60,C2K510
C2K517,NULL,2K,NULL,61,C2K517
C2K524,NULL,2K,NULL,62,C2K524
C2K531,NULL,2K,NULL,63,C2K531
C3H031,aaa,3H,aaa,1,C3H031
C3H039,NULL,3H,bbb,3,C3H039
C3H046,qa,3H,bbb,5,C3H046
C3H053,aq,3H,bbb,4,C3H053
C3H060,aq,3H,aaa,5,C3H060
C3H067,qwe,3H,aaa,6,C3H067
C3H074,q,3H,aaa,10,C3H074
C3H081,q,3H,aaa,11,C3H081
C3H088,q,3H,aaa,12,C3H088
C3H095,q,3H,aaa,13,C3H095
C3H102,q,3H,aaa,14,C3H102
C3H109,q,3H,aaa,15,C3H109
C3H116,q,3H,aaa,16,C3H116
C3H131,q,3H,aaa,17,C3H131
C3H138,q,3H,aaa,18,C3H138
C3H145,q,3H,aaa,19,C3H145
C3H152,qwe,3H,aaa,20,C3H152
C3H159,q,3H,aaa,21,C3H159
C3H166,q,3H,aaa,22,C3H166
C3H173,q,3H,aaa,23,C3H173
C3H180,q,3H,aaa,24,C3H180
C3H187,q,3H,aaa,25,C3H187
C3H194,q,3H,aaa,26,C3H194
C3H201,q,3H,aaa,27,C3H201
C3H208,q,3H,aaa,28,C3H208
C3H215,xxx,3H,NULL,29,C3H215
C3H222,xxx,3H,NULL,30,C3H222
C3H229,xxx,3H,NULL,31,C3H229
C3H236,xxx,3H,NULL,32,C3H236
C3H315,xxx,3H,NULL,33,C3H315
C3H322,xxx,3H,NULL,34,C3H322
C3H329,NULL,3H,NULL,NULL,C3H329
C3H336,xxx,3H,NULL,36,C3H336
C3H343,xxx,3H,NULL,37,C3H343
C3H350,xxx,3H,NULL,38,C3H350
C3H357,xxx,3H,NULL,39,C3H357
C3H364,xxx,3H,NULL,40,C3H364
C3H371,xxx,3H,NULL,41,C3H371
C3H378,xxx,3H,NULL,42,C3H378
C3H385,xxx,3H,NULL,43,C3H385
C3H392,xxx,3H,NULL,44,C3H392
C3H399,xxx,3H,NULL,45,C3H399
C3H406,xxx,3H,NULL,46,C3H406
C3H413,xxx,3H,NULL,47,C3H413
C3H428,xxx,3H,NULL,48,C3H428
C3H435,xxx,3H,NULL,49,C3H435
C3H442,xxx,3H,NULL,50,C3H442
C3H449,xxx,3H,NULL,51,C3H449
C3H456,xxx,3H,NULL,52,C3H456
C3H463,xxx,3H,NULL,53,C3H463
C3H470,xxx,3H,NULL,54,C3H470
C3H477,xxx,3H,NULL,55,C3H477
C3H484,xxx,3H,NULL,56,C3H484
C3H491,xxx,3H,NULL,57,C3H491
C3H498,xxx,3H,NULL,58,C3H498
C3H505,xxx,3H,NULL,59,C3H505
C3J036,setor,3J,NULL,1,C3J036
C3J043,setor,3J,NULL,NULL,C3J043
C3J050,setor,3J,NULL,3,C3J050
C3J057,setor,3J,NULL,4,C3J057
C3J064,setor,3J,NULL,5,C3J064
C3J071,setor,3J,NULL,6,C3J071
C3J078,setor,3J,NULL,7,C3J078
C3J085,setor,3J,NULL,8,C3J085
C3J092,setor,3J,NULL,9,C3J092
C3J099,setor,3J,NULL,10,C3J099
C3J106,setor,3J,NULL,11,C3J106
C3J113,setor,3J,NULL,12,C3J113
C3J128,setor,3J,NULL,13,C3J128
C3J135,setor,3J,NULL,14,C3J135
C3J142,setor,3J,NULL,15,C3J142
C3J149,setor,3J,NULL,16,C3J149
C3J156,setor,3J,NULL,17,C3J156
C3J163,setor,3J,NULL,18,C3J163
C3J170,setor,3J,NULL,19,C3J170
C3J177,setor,3J,NULL,20,C3J177
C3J184,setor,3J,NULL,21,C3J184
C3J191,setor,3J,NULL,22,C3J191
C3J198,setor,3J,NULL,23,C3J198
C3J205,setor,3J,NULL,24,C3J205
C3J212,setor,3J,NULL,25,C3J212
C3J219,setor,3J,NULL,26,C3J219
C3J226,setor,3J,NULL,27,C3J226
C3J233,setor,3J,NULL,28,C3J233
C3J314,setor,3J,NULL,29,C3J314
C3J321,setor,3J,NULL,30,C3J321
C3J328,setor,3J,NULL,31,C3J328
C3J335,setor,3J,NULL,32,C3J335
C3J342,setor,3J,NULL,33,C3J342
C3J349,setor,3J,NULL,34,C3J349
C3J356,setor,3J,NULL,35,C3J356
C3J363,setor,3J,NULL,36,C3J363
C3J370,setor,3J,NULL,37,C3J370
C3J377,setor,3J,NULL,38,C3J377
C3J384,setor,3J,NULL,39,C3J384
C3J391,setor,3J,NULL,40,C3J391
C3J398,setor,3J,NULL,41,C3J398
C3J405,setor,3J,NULL,42,C3J405
C3J412,setor,3J,NULL,43,C3J412
C3J427,setor,3J,NULL,44,C3J427
C3J434,setor,3J,NULL,45,C3J434
C3J441,setor,3J,NULL,46,C3J441
C3J448,setor,3J,NULL,47,C3J448
C3J455,setor,3J,NULL,48,C3J455
C3J462,setor,3J,NULL,49,C3J462
C3J469,setor,3J,NULL,50,C3J469
C3J476,setor,3J,NULL,51,C3J476
C3J483,setor,3J,NULL,52,C3J483
C3J490,setor,3J,NULL,53,C3J490
C3J497,setor,3J,NULL,54,C3J497
C3J504,setor,3J,NULL,55,C3J504
C3K035,NULL,3K,NULL,10,C3K035
C3K042,NULL,3K,NULL,11,C3K042
C3K049,NULL,3K,NULL,12,C3K049
C3K056,NULL,3K,NULL,13,C3K056
C3K063,NULL,3K,NULL,14,C3K063
C3K070,NULL,3K,NULL,15,C3K070
C3K077,NULL,3K,NULL,16,C3K077
C3K084,NULL,3K,NULL,17,C3K084
C3K091,NULL,3K,NULL,18,C3K091
C3K098,NULL,3K,NULL,19,C3K098
C3K105,NULL,3K,NULL,20,C3K105
C3K112,NULL,3K,NULL,21,C3K112
C3K127,NULL,3K,NULL,22,C3K127
C3K134,NULL,3K,NULL,23,C3K134
C3K141,NULL,3K,NULL,24,C3K141
C3K148,NULL,3K,NULL,25,C3K148
C3K155,NULL,3K,NULL,26,C3K155
C3K162,NULL,3K,NULL,27,C3K162
C3K169,NULL,3K,NULL,28,C3K169
C3K176,NULL,3K,NULL,29,C3K176
C3K183,NULL,3K,NULL,30,C3K183
C3K190,NULL,3K,NULL,31,C3K190
C3K197,NULL,3K,NULL,32,C3K197
C3K204,NULL,3K,NULL,33,C3K204
C3K211,NULL,3K,NULL,34,C3K211
C3K218,NULL,3K,NULL,35,C3K218
C3K225,NULL,3K,NULL,36,C3K225
C3K232,NULL,3K,NULL,37,C3K232
C3K309,NULL,3K,NULL,38,C3K309
C3K316,NULL,3K,NULL,39,C3K316
C3K323,NULL,3K,NULL,40,C3K323
C3K330,NULL,3K,NULL,41,C3K330
C3K337,NULL,3K,NULL,42,C3K337
C3K344,NULL,3K,NULL,43,C3K344
C3K351,NULL,3K,NULL,44,C3K351
C3K358,NULL,3K,NULL,45,C3K358
C3K365,NULL,3K,NULL,46,C3K365
C3K372,NULL,3K,NULL,47,C3K372
C3K379,NULL,3K,NULL,48,C3K379
C3K386,NULL,3K,NULL,49,C3K386
C3K393,NULL,3K,NULL,50,C3K393
C3K400,NULL,3K,NULL,51,C3K400
C3K407,NULL,3K,NULL,52,C3K407
C3K414,NULL,3K,NULL,53,C3K414
C3K429,NULL,3K,NULL,54,C3K429
C3K436,NULL,3K,NULL,55,C3K436
C3K443,NULL,3K,NULL,56,C3K443
C3K450,NULL,3K,NULL,57,C3K450
C3K457,NULL,3K,NULL,58,C3K457
C3K464,NULL,3K,NULL,59,C3K464
C3K471,NULL,3K,NULL,60,C3K471
C3K478,NULL,3K,NULL,61,C3K478
C3K485,NULL,3K,NULL,62,C3K485
C3K495,NULL,3K,NULL,63,C3K495
C3K509,NULL,3K,NULL,64,C3K509
DGG393,NULL,GG,NULL,NULL,DGG393
DGG416,NULL,GG,NULL,NULL,DGG416
DGG433,NULL,GG,NULL,NULL,DGG433
DGG451,NULL,GG,NULL,NULL,DGG451
DGG468,NULL,GG,NULL,NULL,DGG468
DGG486,NULL,GG,NULL,NULL,DGG486
DGG503,NULL,GG,NULL,NULL,DGG503
DGG521,NULL,GG,NULL,NULL,DGG521
DGG538,NULL,GG,NULL,NULL,DGG538
DGG556,NULL,GG,NULL,NULL,DGG556
DGG573,NULL,GG,NULL,NULL,DGG573
DHH016,NULL,HH,NULL,NULL,DHH016
DHH028,NULL,HH,NULL,NULL,DHH028
DHH041,NULL,HH,NULL,NULL,DHH041
DHH054,NULL,HH,NULL,NULL,DHH054
DHH066,NULL,HH,NULL,NULL,DHH066
DHH078,NULL,HH,NULL,NULL,DHH078
DHH093,NULL,HH,NULL,NULL,DHH093
DHH104,NULL,HH,NULL,NULL,DHH104
DHH116,NULL,HH,NULL,NULL,DHH116
DHH132,NULL,HH,NULL,NULL,DHH132
DHH143,NULL,HH,NULL,NULL,DHH143
DHH154,NULL,HH,NULL,NULL,DHH154
DHH171,NULL,HH,NULL,NULL,DHH171
DHH182,NULL,HH,NULL,NULL,DHH182
DHH193,NULL,HH,NULL,NULL,DHH193
DHH208,NULL,HH,NULL,NULL,DHH208
DHH221,NULL,HH,NULL,NULL,DHH221
DHH232,NULL,HH,NULL,NULL,DHH232
DII415,NULL,II,NULL,NULL,DII415
DII424,NULL,II,NULL,NULL,DII424
DII433,NULL,II,NULL,NULL,DII433
DII442,NULL,II,NULL,NULL,DII442
DII451,NULL,II,NULL,NULL,DII451
DII458,NULL,II,NULL,NULL,DII458
DII467,NULL,II,NULL,NULL,DII467
DII476,NULL,II,NULL,NULL,DII476
DII485,NULL,II,NULL,NULL,DII485
DII494,NULL,II,NULL,NULL,DII494
DII503,NULL,II,NULL,NULL,DII503
DII512,NULL,II,NULL,NULL,DII512
DII521,NULL,II,NULL,NULL,DII521
DII528,NULL,II,NULL,NULL,DII528
DII537,NULL,II,NULL,NULL,DII537
DII546,NULL,II,NULL,NULL,DII546
DII555,NULL,II,NULL,NULL,DII555
DII564,NULL,II,NULL,NULL,DII564
DII573,NULL,II,NULL,NULL,DII573
DII582,NULL,II,NULL,NULL,DII582
DII591,NULL,II,NULL,NULL,DII591
DII598,NULL,II,NULL,NULL,DII598
DII607,NULL,II,NULL,NULL,DII607
DII618,NULL,II,NULL,NULL,DII618
DII631,NULL,II,NULL,NULL,DII631
DKK012,NULL,KK,NULL,NULL,DKK012
DKK021,NULL,KK,NULL,NULL,DKK021
DKK028,NULL,KK,NULL,NULL,DKK028
DKK037,NULL,KK,NULL,NULL,DKK037
DKK046,NULL,KK,NULL,NULL,DKK046
DKK055,NULL,KK,NULL,NULL,DKK055
DKK064,NULL,KK,NULL,NULL,DKK064
DKK073,NULL,KK,NULL,NULL,DKK073
DKK082,NULL,KK,NULL,NULL,DKK082
DKK091,NULL,KK,NULL,NULL,DKK091
DKK098,NULL,KK,NULL,NULL,DKK098
DKK107,NULL,KK,NULL,NULL,DKK107
DKK116,NULL,KK,NULL,NULL,DKK116
DKK125,NULL,KK,NULL,NULL,DKK125
DKK134,NULL,KK,NULL,NULL,DKK134
DKK143,NULL,KK,NULL,NULL,DKK143
DKK152,NULL,KK,NULL,NULL,DKK152
DKK161,NULL,KK,NULL,NULL,DKK161
DKK168,NULL,KK,NULL,NULL,DKK168
DKK177,NULL,KK,NULL,NULL,DKK177
DKK186,NULL,KK,NULL,NULL,DKK186
DKK195,NULL,KK,NULL,NULL,DKK195
DKK204,NULL,KK,NULL,NULL,DKK204
DKK213,NULL,KK,NULL,NULL,DKK213
DKK222,NULL,KK,NULL,NULL,DKK222
DKK231,NULL,KK,NULL,NULL,DKK231
DKK238,NULL,KK,NULL,NULL,DKK238
DKK403,NULL,KK,NULL,NULL,DKK403
DKK412,NULL,KK,NULL,NULL,DKK412
DKK421,NULL,KK,NULL,NULL,DKK421
DKK428,NULL,KK,NULL,NULL,DKK428
DKK437,NULL,KK,NULL,NULL,DKK437
DKK446,NULL,KK,NULL,NULL,DKK446
DKK455,NULL,KK,NULL,NULL,DKK455
DKK464,NULL,KK,NULL,NULL,DKK464
DKK473,NULL,KK,NULL,NULL,DKK473
DKK482,NULL,KK,NULL,NULL,DKK482
DKK491,NULL,KK,NULL,NULL,DKK491
DKK498,NULL,KK,NULL,NULL,DKK498
DKK507,NULL,KK,NULL,NULL,DKK507
DKK516,NULL,KK,NULL,NULL,DKK516
DKK525,NULL,KK,NULL,NULL,DKK525
DKK534,NULL,KK,NULL,NULL,DKK534
DKK543,NULL,KK,NULL,NULL,DKK543
DKK552,NULL,KK,NULL,NULL,DKK552
DKK561,NULL,KK,NULL,NULL,DKK561
DKK568,NULL,KK,NULL,NULL,DKK568
DKK577,NULL,KK,NULL,NULL,DKK577
DKK586,NULL,KK,NULL,NULL,DKK586
DKK595,NULL,KK,NULL,NULL,DKK595
DKK604,NULL,KK,NULL,NULL,DKK604
DKK613,NULL,KK,NULL,NULL,DKK613
DKK622,NULL,KK,NULL,NULL,DKK622
DLL011,NULL,LL,NULL,NULL,DLL011
DLL024,NULL,LL,NULL,NULL,DLL024
DLL033,NULL,LL,NULL,NULL,DLL033
DLL042,NULL,LL,NULL,NULL,DLL042
DLL051,NULL,LL,NULL,NULL,DLL051
DLL058,NULL,LL,NULL,NULL,DLL058
DLL067,NULL,LL,NULL,NULL,DLL067
DLL076,NULL,LL,NULL,NULL,DLL076
DLL085,NULL,LL,NULL,NULL,DLL085
DLL094,NULL,LL,NULL,NULL,DLL094
DLL103,NULL,LL,NULL,NULL,DLL103
DLL112,NULL,LL,NULL,NULL,DLL112
DLL121,NULL,LL,NULL,NULL,DLL121
DLL128,NULL,LL,NULL,NULL,DLL128
DLL137,NULL,LL,NULL,NULL,DLL137
DLL146,NULL,LL,NULL,NULL,DLL146
DLL155,NULL,LL,NULL,NULL,DLL155
DLL164,NULL,LL,NULL,NULL,DLL164
DLL173,NULL,LL,NULL,NULL,DLL173
DLL182,NULL,LL,NULL,NULL,DLL182
DLL191,NULL,LL,NULL,NULL,DLL191
DLL198,NULL,LL,NULL,NULL,DLL198
DLL207,NULL,LL,NULL,NULL,DLL207
DLL216,NULL,LL,NULL,NULL,DLL216
DLL225,NULL,LL,NULL,NULL,DLL225
DLL234,NULL,LL,NULL,NULL,DLL234
DLL243,NULL,LL,NULL,NULL,DLL243
DLL402,NULL,LL,NULL,NULL,DLL402
DLL411,NULL,LL,NULL,NULL,DLL411
DLL418,NULL,LL,NULL,NULL,DLL418
DLL427,NULL,LL,NULL,NULL,DLL427
DLL436,NULL,LL,NULL,NULL,DLL436
DLL445,NULL,LL,NULL,NULL,DLL445
DLL454,NULL,LL,NULL,NULL,DLL454
DLL463,NULL,LL,NULL,NULL,DLL463
DLL472,NULL,LL,NULL,NULL,DLL472
DLL481,NULL,LL,NULL,NULL,DLL481
DLL488,NULL,LL,NULL,NULL,DLL488
DLL497,NULL,LL,NULL,NULL,DLL497
DLL506,NULL,LL,NULL,NULL,DLL506
DLL515,NULL,LL,NULL,NULL,DLL515
DLL524,NULL,LL,NULL,NULL,DLL524
DLL533,NULL,LL,NULL,NULL,DLL533
DLL542,NULL,LL,NULL,NULL,DLL542
DLL551,NULL,LL,NULL,NULL,DLL551
DLL558,NULL,LL,NULL,NULL,DLL558
DLL567,NULL,LL,NULL,NULL,DLL567
DLL576,NULL,LL,NULL,NULL,DLL576
DLL585,NULL,LL,NULL,NULL,DLL585
DLL594,NULL,LL,NULL,NULL,DLL594
DLL603,NULL,LL,NULL,NULL,DLL603
DLL612,NULL,LL,NULL,NULL,DLL612
DLL621,NULL,LL,NULL,NULL,DLL621
DLL628,NULL,LL,NULL,NULL,DLL628
D3H042,NULL,3H,NULL,61,D3H042
D3H074,NULL,3H,NULL,63,D3H074
D3H112,NULL,3H,NULL,65,D3H112
D3H144,NULL,3H,NULL,67,D3H144
D3H182,NULL,3H,NULL,69,D3H182
D3H214,NULL,3H,NULL,71,D3H214
D3I416,aaa,3I,aaa,1,D3I416
D3I434,NULL,3I,bbb,3,D3I434
D3I452,qa,3I,bbb,5,D3I452
D3I468,aq,3I,bbb,4,D3I468
D3I486,aq,3I,aaa,5,D3I486
D3I504,qwe,3I,aaa,6,D3I504
D3I522,q,3I,aaa,10,D3I522
D3I538,q,3I,aaa,11,D3I538
D3I556,q,3I,aaa,12,D3I556
D3I574,q,3I,aaa,13,D3I574
D3I592,q,3I,aaa,14,D3I592
D3I608,q,3I,aaa,15,D3I608
D3I626,q,3I,aaa,16,D3I626
D3K014,NULL,3K,NULL,65,D3K014
D3K032,NULL,3K,NULL,66,D3K032
D3K048,NULL,3K,NULL,67,D3K048
D3K066,NULL,3K,NULL,68,D3K066
D3K084,NULL,3K,NULL,69,D3K084
D3K102,NULL,3K,NULL,70,D3K102
D3K118,NULL,3K,NULL,71,D3K118
D3K136,NULL,3K,NULL,72,D3K136
D3K154,NULL,3K,NULL,73,D3K154
D3K172,NULL,3K,NULL,74,D3K172
D3K188,NULL,3K,NULL,75,D3K188
D3K206,NULL,3K,NULL,76,D3K206
D3K224,NULL,3K,NULL,77,D3K224
D3K246,NULL,3K,NULL,78,D3K246
D3K414,NULL,3K,NULL,79,D3K414
D3K432,NULL,3K,NULL,80,D3K432
D3K448,NULL,3K,NULL,81,D3K448
D3K466,NULL,3K,NULL,82,D3K466
D3K484,NULL,3K,NULL,83,D3K484
D3K502,NULL,3K,NULL,84,D3K502
D3K518,NULL,3K,NULL,85,D3K518
K4J011,NULL,4J,NULL,NULL,K4J011
K4J049,NULL,4J,NULL,NULL,K4J049
K4J083,NULL,4J,NULL,NULL,K4J083
K4J117,NULL,4J,NULL,NULL,K4J117
K4J163,NULL,4J,NULL,NULL,K4J163
K4J197,NULL,4J,NULL,NULL,K4J197
K4J231,NULL,4J,NULL,NULL,K4J231
K4J269,NULL,4J,NULL,NULL,K4J269
K4J311,NULL,4J,NULL,NULL,K4J311
K4J349,NULL,4J,NULL,NULL,K4J349
K4J383,NULL,4J,NULL,NULL,K4J383
K4J417,NULL,4J,NULL,NULL,K4J417
K4J451,NULL,4J,NULL,NULL,K4J451
K4K029,NULL,4K,NULL,NULL,K4K029
K4K063,NULL,4K,NULL,NULL,K4K063
K4K099,NULL,4K,NULL,NULL,K4K099
K4K133,NULL,4K,NULL,NULL,K4K133
K4K169,NULL,4K,NULL,NULL,K4K169
K4K203,NULL,4K,NULL,NULL,K4K203
K4K239,NULL,4K,NULL,NULL,K4K239
K4K273,NULL,4K,NULL,NULL,K4K273
K4K309,NULL,4K,NULL,NULL,K4K309
K4K343,NULL,4K,NULL,NULL,K4K343
K4K579,NULL,4K,NULL,NULL,K4K579
K4L013,NULL,4L,NULL,NULL,K4L013
K4L049,NULL,4L,NULL,NULL,K4L049
K4L083,NULL,4L,NULL,NULL,K4L083
K4L119,NULL,4L,NULL,NULL,K4L119
K4L153,NULL,4L,NULL,NULL,K4L153
K4L189,NULL,4L,NULL,NULL,K4L189
K4L223,NULL,4L,NULL,NULL,K4L223
K4L259,NULL,4L,NULL,NULL,K4L259
K4L293,NULL,4L,NULL,NULL,K4L293
K4L329,NULL,4L,NULL,NULL,K4L329
K4L463,NULL,4L,NULL,NULL,K4L463
K4L699,NULL,4L,NULL,NULL,K4L699
K4M029,NULL,4M,NULL,NULL,K4M029
K4M063,NULL,4M,NULL,NULL,K4M063
K4M097,NULL,4M,NULL,NULL,K4M097
K4M143,NULL,4M,NULL,NULL,K4M143
K4M177,NULL,4M,NULL,NULL,K4M177
K4M211,NULL,4M,NULL,NULL,K4M211
K4M249,NULL,4M,NULL,NULL,K4M249
K4M291,NULL,4M,NULL,NULL,K4M291
K4M329,NULL,4M,NULL,NULL,K4M329
K4M363,NULL,4M,NULL,NULL,K4M363
K4M397,NULL,4M,NULL,NULL,K4M397
K4M431,NULL,4M,NULL,NULL,K4M431
K4N017,NULL,4N,NULL,NULL,K4N017
K4N051,NULL,4N,NULL,NULL,K4N051
K4N089,NULL,4N,NULL,NULL,K4N089
K4N131,NULL,4N,NULL,NULL,K4N131
K4N169,NULL,4N,NULL,NULL,K4N169
K4N203,NULL,4N,NULL,NULL,K4N203
K4N237,NULL,4N,NULL,NULL,K4N237
K4N271,NULL,4N,NULL,NULL,K4N271
K4N317,NULL,4N,NULL,NULL,K4N317
K4N351,NULL,4N,NULL,NULL,K4N351
K4N389,NULL,4N,NULL,NULL,K4N389
K4N423,NULL,4N,NULL,NULL,K4N423
K4N457,NULL,4N,NULL,NULL,K4N457
K4O033,NULL,4O,NULL,NULL,K4O033
K4O069,NULL,4O,NULL,NULL,K4O069
K4O103,NULL,4O,NULL,NULL,K4O103
K4O139,NULL,4O,NULL,NULL,K4O139
K4O173,NULL,4O,NULL,NULL,K4O173
K4O209,NULL,4O,NULL,NULL,K4O209
K4O243,NULL,4O,NULL,NULL,K4O243
K4O279,NULL,4O,NULL,NULL,K4O279
K4O313,NULL,4O,NULL,NULL,K4O313
K4O349,NULL,4O,NULL,NULL,K4O349
K4O383,NULL,4O,NULL,NULL,K4O383
K4P019,NULL,4P,NULL,NULL,K4P019
K4P053,NULL,4P,NULL,NULL,K4P053
K4P089,NULL,4P,NULL,NULL,K4P089
K4P123,NULL,4P,NULL,NULL,K4P123
K4P159,NULL,4P,NULL,NULL,K4P159
K4P193,NULL,4P,NULL,NULL,K4P193
K4P229,NULL,4P,NULL,NULL,K4P229
K4P263,NULL,4P,NULL,NULL,K4P263
K4P299,NULL,4P,NULL,NULL,K4P299
K4P333,NULL,4P,NULL,NULL,K4P333
K4P369,NULL,4P,NULL,NULL,K4P369
K4P403,NULL,4P,NULL,NULL,K4P403
K4Q031,NULL,4Q,NULL,NULL,K4Q031
K4Q069,NULL,4Q,NULL,NULL,K4Q069
K4Q103,NULL,4Q,NULL,NULL,K4Q103
K4Q149,NULL,4Q,NULL,NULL,K4Q149
K4Q183,NULL,4Q,NULL,NULL,K4Q183
K4Q217,NULL,4Q,NULL,NULL,K4Q217
K4Q251,NULL,4Q,NULL,NULL,K4Q251
K4Q297,NULL,4Q,NULL,NULL,K4Q297
K4Q331,NULL,4Q,NULL,NULL,K4Q331
K4Q369,NULL,4Q,NULL,NULL,K4Q369
K4Q403,NULL,4Q,NULL,NULL,K4Q403
K4Q437,NULL,4Q,NULL,NULL,K4Q437
K4R023,NULL,4R,NULL,NULL,K4R023
K4R057,NULL,4R,NULL,NULL,K4R057
K4R091,NULL,4R,NULL,NULL,K4R091
K4R137,NULL,4R,NULL,NULL,K4R137
K4R171,NULL,4R,NULL,NULL,K4R171
K4R209,NULL,4R,NULL,NULL,K4R209
K4R243,NULL,4R,NULL,NULL,K4R243
K4R277,NULL,4R,NULL,NULL,K4R277
K4R323,NULL,4R,NULL,NULL,K4R323
K4R357,NULL,4R,NULL,NULL,K4R357
K4R391,NULL,4R,NULL,NULL,K4R391
K4R429,NULL,4R,NULL,NULL,K4R429
K4S003,NULL,4S,NULL,NULL,K4S003
K4S039,NULL,4S,NULL,NULL,K4S039
K4S073,NULL,4S,NULL,NULL,K4S073
K4S109,NULL,4S,NULL,NULL,K4S109
K4S143,NULL,4S,NULL,NULL,K4S143
K4S179,NULL,4S,NULL,NULL,K4S179
K4S213,NULL,4S,NULL,NULL,K4S213
K4S249,NULL,4S,NULL,NULL,K4S249
K4S283,NULL,4S,NULL,NULL,K4S283
K4S319,NULL,4S,NULL,NULL,K4S319
K4S453,NULL,4S,NULL,NULL,K4S453
K4S589,NULL,4S,NULL,NULL,K4S589
K4T023,NULL,4T,NULL,NULL,K4T023
K4T059,NULL,4T,NULL,NULL,K4T059
K4T093,NULL,4T,NULL,NULL,K4T093
K4T129,NULL,4T,NULL,NULL,K4T129
K4T163,NULL,4T,NULL,NULL,K4T163
K4T199,NULL,4T,NULL,NULL,K4T199
K4T233,NULL,4T,NULL,NULL,K4T233
K4T269,NULL,4T,NULL,NULL,K4T269
K4T303,NULL,4T,NULL,NULL,K4T303
K4T339,NULL,4T,NULL,NULL,K4T339
K4T373,NULL,4T,NULL,NULL,K4T373
K4T413,NULL,4T,NULL,NULL,K4T413
K4U037,NULL,4U,NULL,NULL,K4U037
K4U071,NULL,4U,NULL,NULL,K4U071
K4U109,NULL,4U,NULL,NULL,K4U109
K4U151,NULL,4U,NULL,NULL,K4U151
K4U189,NULL,4U,NULL,NULL,K4U189
K4U223,NULL,4U,NULL,NULL,K4U223
K4U257,NULL,4U,NULL,NULL,K4U257
K4U303,NULL,4U,NULL,NULL,K4U303
K4U337,NULL,4U,NULL,NULL,K4U337
K4U371,NULL,4U,NULL,NULL,K4U371
K4U409,NULL,4U,NULL,NULL,K4U409
K4U443,NULL,4U,NULL,NULL,K4U443
K4V029,NULL,4V,NULL,NULL,K4V029
K4V063,NULL,4V,NULL,NULL,K4V063
K4V097,NULL,4V,NULL,NULL,K4V097
K4V143,NULL,4V,NULL,NULL,K4V143
K4V177,NULL,4V,NULL,NULL,K4V177
K4V211,NULL,4V,NULL,NULL,K4V211
K4V249,NULL,4V,NULL,NULL,K4V249
K4V291,NULL,4V,NULL,NULL,K4V291
K4V329,NULL,4V,NULL,NULL,K4V329
K4V363,NULL,4V,NULL,NULL,K4V363
K4V397,NULL,4V,NULL,NULL,K4V397
K4V431,NULL,4V,NULL,NULL,K4V431
K4W007,NULL,4W,NULL,NULL,K4W007
K4W041,NULL,4W,NULL,NULL,K4W041
K4W079,NULL,4W,NULL,NULL,K4W079
K4W113,NULL,4W,NULL,NULL,K4W113
K4W147,NULL,4W,NULL,NULL,K4W147
K4W181,NULL,4W,NULL,NULL,K4W181
K4W227,NULL,4W,NULL,NULL,K4W227
K4W261,NULL,4W,NULL,NULL,K4W261
K4W299,NULL,4W,NULL,NULL,K4W299
K4W333,NULL,4W,NULL,NULL,K4W333
K4W367,NULL,4W,NULL,NULL,K4W367
K4W493,NULL,4W,NULL,NULL,K4W493
K4W727,NULL,4W,NULL,NULL,K4W727
K4X033,NULL,4X,NULL,NULL,K4X033
K4X067,NULL,4X,NULL,NULL,K4X067
K4X101,NULL,4X,NULL,NULL,K4X101
K4X139,NULL,4X,NULL,NULL,K4X139
K4X173,NULL,4X,NULL,NULL,K4X173
K4X219,NULL,4X,NULL,NULL,K4X219
K4X253,NULL,4X,NULL,NULL,K4X253
K4X287,NULL,4X,NULL,NULL,K4X287
K4X321,NULL,4X,NULL,NULL,K4X321
K4X359,NULL,4X,NULL,NULL,K4X359
K4X493,NULL,4X,NULL,NULL,K4X493
K4X727,NULL,4X,NULL,NULL,K4X727
K4Y029,NULL,4Y,NULL,NULL,K4Y029
K4Y069,NULL,4Y,NULL,NULL,K4Y069
K4Y103,NULL,4Y,NULL,NULL,K4Y103
K4Y139,NULL,4Y,NULL,NULL,K4Y139
K4Y173,NULL,4Y,NULL,NULL,K4Y173
K4Y209,NULL,4Y,NULL,NULL,K4Y209
K4Y243,NULL,4Y,NULL,NULL,K4Y243
K4Y279,NULL,4Y,NULL,NULL,K4Y279
K4Y313,NULL,4Y,NULL,NULL,K4Y313
K4Y349,NULL,4Y,NULL,NULL,K4Y349
K4Y383,NULL,4Y,NULL,NULL,K4Y383
K4Y419,NULL,4Y,NULL,NULL,K4Y419
K4Z043,NULL,4Z,NULL,NULL,K4Z043
K4Z079,NULL,4Z,NULL,NULL,K4Z079
K4Z113,NULL,4Z,NULL,NULL,K4Z113
K4Z149,NULL,4Z,NULL,NULL,K4Z149
K4Z183,NULL,4Z,NULL,NULL,K4Z183
K4Z219,NULL,4Z,NULL,NULL,K4Z219
K4Z253,NULL,4Z,NULL,NULL,K4Z253
K4Z289,NULL,4Z,NULL,NULL,K4Z289
K4Z323,NULL,4Z,NULL,NULL,K4Z323
K4Z359,NULL,4Z,NULL,NULL,K4Z359
K4Z393,NULL,4Z,NULL,NULL,K4Z393
K4Z429,NULL,4Z,NULL,NULL,K4Z429
K5C023,NULL,5C,NULL,NULL,K5C023
K5C059,NULL,5C,NULL,NULL,K5C059
K5C093,NULL,5C,NULL,NULL,K5C093
K5C129,NULL,5C,NULL,NULL,K5C129
K5C163,NULL,5C,NULL,NULL,K5C163
K5C199,NULL,5C,NULL,NULL,K5C199
K5C233,NULL,5C,NULL,NULL,K5C233
K5C269,NULL,5C,NULL,NULL,K5C269
K5C303,NULL,5C,NULL,NULL,K5C303
K5C339,NULL,5C,NULL,NULL,K5C339
K5C373,NULL,5C,NULL,NULL,K5C373
K5C409,NULL,5C,NULL,NULL,K5C409
K5D033,NULL,5D,NULL,NULL,K5D033
K5D069,NULL,5D,NULL,NULL,K5D069
K5D103,NULL,5D,NULL,NULL,K5D103
K5D139,NULL,5D,NULL,NULL,K5D139
K5D173,NULL,5D,NULL,NULL,K5D173
K5D209,NULL,5D,NULL,NULL,K5D209
K5D243,NULL,5D,NULL,NULL,K5D243
K5D279,NULL,5D,NULL,NULL,K5D279
K5D313,NULL,5D,NULL,NULL,K5D313
K5D349,NULL,5D,NULL,NULL,K5D349
K5D383,NULL,5D,NULL,NULL,K5D383
K5E011,NULL,5E,NULL,NULL,K5E011
K5E049,NULL,5E,NULL,NULL,K5E049
K5E083,NULL,5E,NULL,NULL,K5E083
K5E117,NULL,5E,NULL,NULL,K5E117
K5E163,NULL,5E,NULL,NULL,K5E163
K5E197,NULL,5E,NULL,NULL,K5E197
K5E231,NULL,5E,NULL,NULL,K5E231
K5E269,NULL,5E,NULL,NULL,K5E269
K5E311,NULL,5E,NULL,NULL,K5E311
K5E349,NULL,5E,NULL,NULL,K5E349
K5E383,NULL,5E,NULL,NULL,K5E383
K5E417,NULL,5E,NULL,NULL,K5E417
K5E451,NULL,5E,NULL,NULL,K5E451
K5F037,NULL,5F,NULL,NULL,K5F037
K5F071,NULL,5F,NULL,NULL,K5F071
K5F109,NULL,5F,NULL,NULL,K5F109
K5F151,NULL,5F,NULL,NULL,K5F151
K5F189,NULL,5F,NULL,NULL,K5F189
K5F223,NULL,5F,NULL,NULL,K5F223
K5F257,NULL,5F,NULL,NULL,K5F257
K5F303,NULL,5F,NULL,NULL,K5F303
K5F337,NULL,5F,NULL,NULL,K5F337
K5F371,NULL,5F,NULL,NULL,K5F371
K5F409,NULL,5F,NULL,NULL,K5F409
K5F443,NULL,5F,NULL,NULL,K5F443
K5G019,NULL,5G,NULL,NULL,K5G019
K5G053,NULL,5G,NULL,NULL,K5G053
K5G089,NULL,5G,NULL,NULL,K5G089
K5G123,NULL,5G,NULL,NULL,K5G123
K5G159,NULL,5G,NULL,NULL,K5G159
K5G193,NULL,5G,NULL,NULL,K5G193
K5G229,NULL,5G,NULL,NULL,K5G229
K5G263,NULL,5G,NULL,NULL,K5G263
K5G299,NULL,5G,NULL,NULL,K5G299
K5G333,NULL,5G,NULL,NULL,K5G333
K5G369,NULL,5G,NULL,NULL,K5G369
K5H003,NULL,5H,NULL,NULL,K5H003
K5H039,NULL,5H,NULL,NULL,K5H039
K5H073,NULL,5H,NULL,NULL,K5H073
K5H109,NULL,5H,NULL,NULL,K5H109
K5H143,NULL,5H,NULL,NULL,K5H143
K5H179,NULL,5H,NULL,NULL,K5H179
K5H213,NULL,5H,NULL,NULL,K5H213
K5H249,NULL,5H,NULL,NULL,K5H249
K5H283,NULL,5H,NULL,NULL,K5H283
K5H319,NULL,5H,NULL,NULL,K5H319
K5H353,NULL,5H,NULL,NULL,K5H353
K5H389,NULL,5H,NULL,NULL,K5H389
K5I017,NULL,5I,NULL,NULL,K5I017
K5I051,NULL,5I,NULL,NULL,K5I051
K5I089,NULL,5I,NULL,NULL,K5I089
K5I131,NULL,5I,NULL,NULL,K5I131
K5I169,NULL,5I,NULL,NULL,K5I169
K5I203,NULL,5I,NULL,NULL,K5I203
K5I237,NULL,5I,NULL,NULL,K5I237
K5I271,NULL,5I,NULL,NULL,K5I271
K5I317,NULL,5I,NULL,NULL,K5I317
K5I351,NULL,5I,NULL,NULL,K5I351
K5I389,NULL,5I,NULL,NULL,K5I389
K5I423,NULL,5I,NULL,NULL,K5I423
K5I457,NULL,5I,NULL,NULL,K5I457
K5J043,NULL,5J,NULL,NULL,K5J043
K5J077,NULL,5J,NULL,NULL,K5J077
K5J111,NULL,5J,NULL,NULL,K5J111
K5J157,NULL,5J,NULL,NULL,K5J157
K5J191,NULL,5J,NULL,NULL,K5J191
K5J229,NULL,5J,NULL,NULL,K5J229
K5J263,NULL,5J,NULL,NULL,K5J263
K5J309,NULL,5J,NULL,NULL,K5J309
K5J343,NULL,5J,NULL,NULL,K5J343
K5J377,NULL,5J,NULL,NULL,K5J377
K5J411,NULL,5J,NULL,NULL,K5J411
K5J449,NULL,5J,NULL,NULL,K5J449
K5K023,NULL,5K,NULL,NULL,K5K023
K5K059,NULL,5K,NULL,NULL,K5K059
K5K093,NULL,5K,NULL,NULL,K5K093
K5K129,NULL,5K,NULL,NULL,K5K129
K5K163,NULL,5K,NULL,NULL,K5K163
K5K199,NULL,5K,NULL,NULL,K5K199
K5K233,NULL,5K,NULL,NULL,K5K233
K5K269,NULL,5K,NULL,NULL,K5K269
K5K303,NULL,5K,NULL,NULL,K5K303
K5K339,NULL,5K,NULL,NULL,K5K339
K5K573,NULL,5K,NULL,NULL,K5K573
K5L009,NULL,5L,NULL,NULL,K5L009
K5L043,NULL,5L,NULL,NULL,K5L043
K5L079,NULL,5L,NULL,NULL,K5L079
K5L113,NULL,5L,NULL,NULL,K5L113
K5L149,NULL,5L,NULL,NULL,K5L149
K5L183,NULL,5L,NULL,NULL,K5L183
K5L219,NULL,5L,NULL,NULL,K5L219
K5L253,NULL,5L,NULL,NULL,K5L253
K5L289,NULL,5L,NULL,NULL,K5L289
K5L323,NULL,5L,NULL,NULL,K5L323
K5L459,NULL,5L,NULL,NULL,K5L459
K5L693,NULL,5L,NULL,NULL,K5L693
K5M023,NULL,5M,NULL,NULL,K5M023
K5M057,NULL,5M,NULL,NULL,K5M057
K5M091,NULL,5M,NULL,NULL,K5M091
K5M137,NULL,5M,NULL,NULL,K5M137
K5M171,NULL,5M,NULL,NULL,K5M171
K5M209,NULL,5M,NULL,NULL,K5M209
K5M243,NULL,5M,NULL,NULL,K5M243
K5M277,NULL,5M,NULL,NULL,K5M277
K5M323,NULL,5M,NULL,NULL,K5M323
K5M357,NULL,5M,NULL,NULL,K5M357
K5M391,NULL,5M,NULL,NULL,K5M391
K5M429,NULL,5M,NULL,NULL,K5M429
K5N011,NULL,5N,NULL,NULL,K5N011
K5N049,NULL,5N,NULL,NULL,K5N049
K5N083,NULL,5N,NULL,NULL,K5N083
K5N117,NULL,5N,NULL,NULL,K5N117
K5N163,NULL,5N,NULL,NULL,K5N163
K5N209,NULL,5N,NULL,NULL,K5N209
K5N243,NULL,5N,NULL,NULL,K5N243
K5N277,NULL,5N,NULL,NULL,K5N277
K5N323,NULL,5N,NULL,NULL,K5N323
K5N357,NULL,5N,NULL,NULL,K5N357
K5N391,NULL,5N,NULL,NULL,K5N391
K5N429,NULL,5N,NULL,NULL,K5N429
K5O003,NULL,5O,NULL,NULL,K5O003
K5O039,NULL,5O,NULL,NULL,K5O039
K5O073,NULL,5O,NULL,NULL,K5O073
K5O109,NULL,5O,NULL,NULL,K5O109
K5O143,NULL,5O,NULL,NULL,K5O143
K5O179,NULL,5O,NULL,NULL,K5O179
K5O213,NULL,5O,NULL,NULL,K5O213
K5O249,NULL,5O,NULL,NULL,K5O249
K5O283,NULL,5O,NULL,NULL,K5O283
K5O319,NULL,5O,NULL,NULL,K5O319
K5O353,NULL,5O,NULL,NULL,K5O353
K5O389,NULL,5O,NULL,NULL,K5O389
K5P023,NULL,5P,NULL,NULL,K5P023
K5P059,NULL,5P,NULL,NULL,K5P059
K5P093,NULL,5P,NULL,NULL,K5P093
K5P129,NULL,5P,NULL,NULL,K5P129
K5P163,NULL,5P,NULL,NULL,K5P163
K5P199,NULL,5P,NULL,NULL,K5P199
K5P233,NULL,5P,NULL,NULL,K5P233
K5P269,NULL,5P,NULL,NULL,K5P269
K5P303,NULL,5P,NULL,NULL,K5P303
K5P339,NULL,5P,NULL,NULL,K5P339
K5P373,NULL,5P,NULL,NULL,K5P373
K5P413,NULL,5P,NULL,NULL,K5P413
K5Q037,NULL,5Q,NULL,NULL,K5Q037
K5Q071,NULL,5Q,NULL,NULL,K5Q071
K5Q109,NULL,5Q,NULL,NULL,K5Q109
K5Q151,NULL,5Q,NULL,NULL,K5Q151
K5Q189,NULL,5Q,NULL,NULL,K5Q189
K5Q223,NULL,5Q,NULL,NULL,K5Q223
K5Q257,NULL,5Q,NULL,NULL,K5Q257
K5Q303,NULL,5Q,NULL,NULL,K5Q303
K5Q337,NULL,5Q,NULL,NULL,K5Q337
K5Q371,NULL,5Q,NULL,NULL,K5Q371
K5Q409,NULL,5Q,NULL,NULL,K5Q409
K5Q443,NULL,5Q,NULL,NULL,K5Q443
K5R029,NULL,5R,NULL,NULL,K5R029
K5R063,NULL,5R,NULL,NULL,K5R063
K5R097,NULL,5R,NULL,NULL,K5R097
K5R143,NULL,5R,NULL,NULL,K5R143
K5R177,NULL,5R,NULL,NULL,K5R177
K5R211,NULL,5R,NULL,NULL,K5R211
K5R249,NULL,5R,NULL,NULL,K5R249
K5R291,NULL,5R,NULL,NULL,K5R291
K5R329,NULL,5R,NULL,NULL,K5R329
K5R371,NULL,5R,NULL,NULL,K5R371
K5R409,NULL,5R,NULL,NULL,K5R409
K5R443,NULL,5R,NULL,NULL,K5R443
K5S019,NULL,5S,NULL,NULL,K5S019
K5S053,NULL,5S,NULL,NULL,K5S053
K5S089,NULL,5S,NULL,NULL,K5S089
K5S123,NULL,5S,NULL,NULL,K5S123
K5S159,NULL,5S,NULL,NULL,K5S159
K5S193,NULL,5S,NULL,NULL,K5S193
K5S229,NULL,5S,NULL,NULL,K5S229
K5S263,NULL,5S,NULL,NULL,K5S263
K5S299,NULL,5S,NULL,NULL,K5S299
K5S333,NULL,5S,NULL,NULL,K5S333
K5S469,NULL,5S,NULL,NULL,K5S469
K5T009,NULL,5T,NULL,NULL,K5T009
K5T043,NULL,5T,NULL,NULL,K5T043
K5T079,NULL,5T,NULL,NULL,K5T079
K5T113,NULL,5T,NULL,NULL,K5T113
K5T149,NULL,5T,NULL,NULL,K5T149
K5T183,NULL,5T,NULL,NULL,K5T183
K5T219,NULL,5T,NULL,NULL,K5T219
K5T253,NULL,5T,NULL,NULL,K5T253
K5T289,NULL,5T,NULL,NULL,K5T289
K5T323,NULL,5T,NULL,NULL,K5T323
K5T359,NULL,5T,NULL,NULL,K5T359
K5T393,NULL,5T,NULL,NULL,K5T393
K5U023,NULL,5U,NULL,NULL,K5U023
K5U057,NULL,5U,NULL,NULL,K5U057
K5U091,NULL,5U,NULL,NULL,K5U091
K5U137,NULL,5U,NULL,NULL,K5U137
K5U171,NULL,5U,NULL,NULL,K5U171
K5U209,NULL,5U,NULL,NULL,K5U209
K5U243,NULL,5U,NULL,NULL,K5U243
K5U277,NULL,5U,NULL,NULL,K5U277
K5U323,NULL,5U,NULL,NULL,K5U323
K5U357,NULL,5U,NULL,NULL,K5U357
K5U391,NULL,5U,NULL,NULL,K5U391
K5U429,NULL,5U,NULL,NULL,K5U429
K5V011,NULL,5V,NULL,NULL,K5V011
K5V049,NULL,5V,NULL,NULL,K5V049
K5V083,NULL,5V,NULL,NULL,K5V083
K5V117,NULL,5V,NULL,NULL,K5V117
K5V163,NULL,5V,NULL,NULL,K5V163
K5V197,NULL,5V,NULL,NULL,K5V197
K5V231,NULL,5V,NULL,NULL,K5V231
K5V269,NULL,5V,NULL,NULL,K5V269
K5V311,NULL,5V,NULL,NULL,K5V311
K5V349,NULL,5V,NULL,NULL,K5V349
K5V383,NULL,5V,NULL,NULL,K5V383
K5V417,NULL,5V,NULL,NULL,K5V417
K5V451,NULL,5V,NULL,NULL,K5V451
K5W027,NULL,5W,NULL,NULL,K5W027
K5W061,NULL,5W,NULL,NULL,K5W061
K5W099,NULL,5W,NULL,NULL,K5W099
K5W133,NULL,5W,NULL,NULL,K5W133
K5W167,NULL,5W,NULL,NULL,K5W167
K5W213,NULL,5W,NULL,NULL,K5W213
K5W247,NULL,5W,NULL,NULL,K5W247
K5W281,NULL,5W,NULL,NULL,K5W281
K5W319,NULL,5W,NULL,NULL,K5W319
K5W353,NULL,5W,NULL,NULL,K5W353
K5W387,NULL,5W,NULL,NULL,K5W387
K5W613,NULL,5W,NULL,NULL,K5W613
K5X019,NULL,5X,NULL,NULL,K5X019
K5X053,NULL,5X,NULL,NULL,K5X053
K5X087,NULL,5X,NULL,NULL,K5X087
K5X121,NULL,5X,NULL,NULL,K5X121
K5X159,NULL,5X,NULL,NULL,K5X159
K5X201,NULL,5X,NULL,NULL,K5X201
K5X239,NULL,5X,NULL,NULL,K5X239
K5X273,NULL,5X,NULL,NULL,K5X273
K5X307,NULL,5X,NULL,NULL,K5X307
K5X341,NULL,5X,NULL,NULL,K5X341
K5X379,NULL,5X,NULL,NULL,K5X379
K5X613,NULL,5X,NULL,NULL,K5X613
K5Y013,NULL,5Y,NULL,NULL,K5Y013
K5Y053,NULL,5Y,NULL,NULL,K5Y053
K5Y089,NULL,5Y,NULL,NULL,K5Y089
K5Y123,NULL,5Y,NULL,NULL,K5Y123
K5Y159,NULL,5Y,NULL,NULL,K5Y159
K5Y193,NULL,5Y,NULL,NULL,K5Y193
K5Y229,NULL,5Y,NULL,NULL,K5Y229
K5Y263,NULL,5Y,NULL,NULL,K5Y263
K5Y299,NULL,5Y,NULL,NULL,K5Y299
K5Y333,NULL,5Y,NULL,NULL,K5Y333
K5Y369,NULL,5Y,NULL,NULL,K5Y369
K5Y403,NULL,5Y,NULL,NULL,K5Y403
K5Y439,NULL,5Y,NULL,NULL,K5Y439
K5Z063,NULL,5Z,NULL,NULL,K5Z063
K5Z099,NULL,5Z,NULL,NULL,K5Z099
K5Z133,NULL,5Z,NULL,NULL,K5Z133
K5Z169,NULL,5Z,NULL,NULL,K5Z169
K5Z203,NULL,5Z,NULL,NULL,K5Z203
K5Z239,NULL,5Z,NULL,NULL,K5Z239
K5Z273,NULL,5Z,NULL,NULL,K5Z273
K5Z309,NULL,5Z,NULL,NULL,K5Z309
K5Z343,NULL,5Z,NULL,NULL,K5Z343
K5Z379,NULL,5Z,NULL,NULL,K5Z379
K5Z413,NULL,5Z,NULL,NULL,K5Z413
K6C009,NULL,6C,NULL,NULL,K6C009
K6C043,NULL,6C,NULL,NULL,K6C043
K6C079,NULL,6C,NULL,NULL,K6C079
K6C113,NULL,6C,NULL,NULL,K6C113
K6C149,NULL,6C,NULL,NULL,K6C149
K6C183,NULL,6C,NULL,NULL,K6C183
K6C219,NULL,6C,NULL,NULL,K6C219
K6C253,NULL,6C,NULL,NULL,K6C253
K6C289,NULL,6C,NULL,NULL,K6C289
K6C323,NULL,6C,NULL,NULL,K6C323
K6C359,NULL,6C,NULL,NULL,K6C359
K6C393,NULL,6C,NULL,NULL,K6C393
K6D019,NULL,6D,NULL,NULL,K6D019
K6D053,NULL,6D,NULL,NULL,K6D053
K6D089,NULL,6D,NULL,NULL,K6D089
K6D123,NULL,6D,NULL,NULL,K6D123
K6D159,NULL,6D,NULL,NULL,K6D159
K6D193,NULL,6D,NULL,NULL,K6D193
K6D229,NULL,6D,NULL,NULL,K6D229
K6D263,NULL,6D,NULL,NULL,K6D263
K6D299,NULL,6D,NULL,NULL,K6D299
K6D333,NULL,6D,NULL,NULL,K6D333
K6D369,NULL,6D,NULL,NULL,K6D369
K6D403,NULL,6D,NULL,NULL,K6D403
K6E063,NULL,6E,NULL,NULL,K6E063
K6E149,NULL,6E,NULL,NULL,K6E149
K6E223,NULL,6E,NULL,NULL,K6E223
K6E309,NULL,6E,NULL,NULL,K6E309
K6E383,NULL,6E,NULL,NULL,K6E383
K6E449,NULL,6E,NULL,NULL,K6E449
K6F083,NULL,6F,NULL,NULL,K6F083
K6F169,NULL,6F,NULL,NULL,K6F169
K6F243,NULL,6F,NULL,NULL,K6F243
K6F329,NULL,6F,NULL,NULL,K6F329
K6F403,NULL,6F,NULL,NULL,K6F403
K6G009,NULL,6G,NULL,NULL,K6G009
K6G043,NULL,6G,NULL,NULL,K6G043
K6G079,NULL,6G,NULL,NULL,K6G079
K6G113,NULL,6G,NULL,NULL,K6G113
K6G149,NULL,6G,NULL,NULL,K6G149
K6G183,NULL,6G,NULL,NULL,K6G183
K6G219,NULL,6G,NULL,NULL,K6G219
K6G253,NULL,6G,NULL,NULL,K6G253
K6G289,NULL,6G,NULL,NULL,K6G289
K6G323,NULL,6G,NULL,NULL,K6G323
K6G359,NULL,6G,NULL,NULL,K6G359
K6G393,NULL,6G,NULL,NULL,K6G393
K6H029,NULL,6H,NULL,NULL,K6H029
K6H063,NULL,6H,NULL,NULL,K6H063
K6H099,NULL,6H,NULL,NULL,K6H099
K6H133,NULL,6H,NULL,NULL,K6H133
K6H169,NULL,6H,NULL,NULL,K6H169
K6H203,NULL,6H,NULL,NULL,K6H203
K6H239,NULL,6H,NULL,NULL,K6H239
K6H273,NULL,6H,NULL,NULL,K6H273
K6H309,NULL,6H,NULL,NULL,K6H309
K6H343,NULL,6H,NULL,NULL,K6H343
K6H379,NULL,6H,NULL,NULL,K6H379
K6I003,NULL,6I,NULL,NULL,K6I003
K6I083,NULL,6I,NULL,NULL,K6I083
K6I169,NULL,6I,NULL,NULL,K6I169
K6I243,NULL,6I,NULL,NULL,K6I243
K6I329,NULL,6I,NULL,NULL,K6I329
K6I403,NULL,6I,NULL,NULL,K6I403
K6J029,NULL,6J,NULL,NULL,K6J029
K6J103,NULL,6J,NULL,NULL,K6J103
K6J189,NULL,6J,NULL,NULL,K6J189
K6J263,NULL,6J,NULL,NULL,K6J263
K6J349,NULL,6J,NULL,NULL,K6J349
K6J423,NULL,6J,NULL,NULL,K6J423
K6K019,NULL,6K,NULL,NULL,K6K019
K6K053,NULL,6K,NULL,NULL,K6K053
K6K089,NULL,6K,NULL,NULL,K6K089
K6K123,NULL,6K,NULL,NULL,K6K123
K6K159,NULL,6K,NULL,NULL,K6K159
K6K193,NULL,6K,NULL,NULL,K6K193
K6K229,NULL,6K,NULL,NULL,K6K229
K6K263,NULL,6K,NULL,NULL,K6K263
K6K299,NULL,6K,NULL,NULL,K6K299
K6K333,NULL,6K,NULL,NULL,K6K333
K6K469,NULL,6K,NULL,NULL,K6K469
K6L003,NULL,6L,NULL,NULL,K6L003
K6L039,NULL,6L,NULL,NULL,K6L039
K6L073,NULL,6L,NULL,NULL,K6L073
K6L109,NULL,6L,NULL,NULL,K6L109
K6L143,NULL,6L,NULL,NULL,K6L143
K6L179,NULL,6L,NULL,NULL,K6L179
K6L213,NULL,6L,NULL,NULL,K6L213
K6L249,NULL,6L,NULL,NULL,K6L249
K6L283,NULL,6L,NULL,NULL,K6L283
K6L319,NULL,6L,NULL,NULL,K6L319
K6L453,NULL,6L,NULL,NULL,K6L453
K6L589,NULL,6L,NULL,NULL,K6L589
K6M029,NULL,6M,NULL,NULL,K6M029
K6M103,NULL,6M,NULL,NULL,K6M103
K6M189,NULL,6M,NULL,NULL,K6M189
K6M263,NULL,6M,NULL,NULL,K6M263
K6M349,NULL,6M,NULL,NULL,K6M349
K6M423,NULL,6M,NULL,NULL,K6M423
K6N049,NULL,6N,NULL,NULL,K6N049
K6N143,NULL,6N,NULL,NULL,K6N143
K6N223,NULL,6N,NULL,NULL,K6N223
K6N309,NULL,6N,NULL,NULL,K6N309
K6N383,NULL,6N,NULL,NULL,K6N383
K6N449,NULL,6N,NULL,NULL,K6N449
K6O033,NULL,6O,NULL,NULL,K6O033
K6O069,NULL,6O,NULL,NULL,K6O069
K6O103,NULL,6O,NULL,NULL,K6O103
K6O139,NULL,6O,NULL,NULL,K6O139
K6O173,NULL,6O,NULL,NULL,K6O173
K6O209,NULL,6O,NULL,NULL,K6O209
K6O243,NULL,6O,NULL,NULL,K6O243
K6O279,NULL,6O,NULL,NULL,K6O279
K6O313,NULL,6O,NULL,NULL,K6O313
K6O349,NULL,6O,NULL,NULL,K6O349
K6O383,NULL,6O,NULL,NULL,K6O383
K6P019,NULL,6P,NULL,NULL,K6P019
K6P053,NULL,6P,NULL,NULL,K6P053
K6P089,NULL,6P,NULL,NULL,K6P089
K6P123,NULL,6P,NULL,NULL,K6P123
K6P159,NULL,6P,NULL,NULL,K6P159
K6P193,NULL,6P,NULL,NULL,K6P193
K6P229,NULL,6P,NULL,NULL,K6P229
K6P263,NULL,6P,NULL,NULL,K6P263
K6P299,NULL,6P,NULL,NULL,K6P299
K6P333,NULL,6P,NULL,NULL,K6P333
K6P369,NULL,6P,NULL,NULL,K6P369
K6P403,NULL,6P,NULL,NULL,K6P403
K6Q063,NULL,6Q,NULL,NULL,K6Q063
K6Q149,NULL,6Q,NULL,NULL,K6Q149
K6Q223,NULL,6Q,NULL,NULL,K6Q223
K6Q309,NULL,6Q,NULL,NULL,K6Q309
K6Q383,NULL,6Q,NULL,NULL,K6Q383
K6Q449,NULL,6Q,NULL,NULL,K6Q449
K6R083,NULL,6R,NULL,NULL,K6R083
K6R169,NULL,6R,NULL,NULL,K6R169
K6R243,NULL,6R,NULL,NULL,K6R243
K6R329,NULL,6R,NULL,NULL,K6R329
K6R423,NULL,6R,NULL,NULL,K6R423
K6S019,NULL,6S,NULL,NULL,K6S019
K6S053,NULL,6S,NULL,NULL,K6S053
K6S089,NULL,6S,NULL,NULL,K6S089
K6S123,NULL,6S,NULL,NULL,K6S123
K6S159,NULL,6S,NULL,NULL,K6S159
K6S193,NULL,6S,NULL,NULL,K6S193
K6S229,NULL,6S,NULL,NULL,K6S229
K6S263,NULL,6S,NULL,NULL,K6S263
K6S299,NULL,6S,NULL,NULL,K6S299
K6S333,NULL,6S,NULL,NULL,K6S333
K6S469,NULL,6S,NULL,NULL,K6S469
K6T003,NULL,6T,NULL,NULL,K6T003
K6T039,NULL,6T,NULL,NULL,K6T039
K6T073,NULL,6T,NULL,NULL,K6T073
K6T109,NULL,6T,NULL,NULL,K6T109
K6T143,NULL,6T,NULL,NULL,K6T143
K6T179,NULL,6T,NULL,NULL,K6T179
K6T213,NULL,6T,NULL,NULL,K6T213
K6T249,NULL,6T,NULL,NULL,K6T249
K6T283,NULL,6T,NULL,NULL,K6T283
K6T319,NULL,6T,NULL,NULL,K6T319
K6T353,NULL,6T,NULL,NULL,K6T353
K6T389,NULL,6T,NULL,NULL,K6T389
K6U029,NULL,6U,NULL,NULL,K6U029
K6U103,NULL,6U,NULL,NULL,K6U103
K6U189,NULL,6U,NULL,NULL,K6U189
K6U263,NULL,6U,NULL,NULL,K6U263
K6U349,NULL,6U,NULL,NULL,K6U349
K6U423,NULL,6U,NULL,NULL,K6U423
K6V049,NULL,6V,NULL,NULL,K6V049
K6V143,NULL,6V,NULL,NULL,K6V143
K6V209,NULL,6V,NULL,NULL,K6V209
K6V303,NULL,6V,NULL,NULL,K6V303
K6V369,NULL,6V,NULL,NULL,K6V369
K6V443,NULL,6V,NULL,NULL,K6V443
K6W059,NULL,6W,NULL,NULL,K6W059
K6W133,NULL,6W,NULL,NULL,K6W133
K6W219,NULL,6W,NULL,NULL,K6W219
K6W293,NULL,6W,NULL,NULL,K6W293
K6W359,NULL,6W,NULL,NULL,K6W359
K6X013,NULL,6X,NULL,NULL,K6X013
K6X079,NULL,6X,NULL,NULL,K6X079
K6X153,NULL,6X,NULL,NULL,K6X153
K6X239,NULL,6X,NULL,NULL,K6X239
K6X313,NULL,6X,NULL,NULL,K6X313
K6X379,NULL,6X,NULL,NULL,K6X379
K6Y019,NULL,6Y,NULL,NULL,K6Y019
K6Y059,NULL,6Y,NULL,NULL,K6Y059
K6Y093,NULL,6Y,NULL,NULL,K6Y093
K6Y129,NULL,6Y,NULL,NULL,K6Y129
K6Y163,NULL,6Y,NULL,NULL,K6Y163
K6Y199,NULL,6Y,NULL,NULL,K6Y199
K6Y233,NULL,6Y,NULL,NULL,K6Y233
K6Y269,NULL,6Y,NULL,NULL,K6Y269
K6Y303,NULL,6Y,NULL,NULL,K6Y303
K6Y339,NULL,6Y,NULL,NULL,K6Y339
K6Y373,NULL,6Y,NULL,NULL,K6Y373
K6Y409,NULL,6Y,NULL,NULL,K6Y409
K6Z023,NULL,6Z,NULL,NULL,K6Z023
K6Z069,NULL,6Z,NULL,NULL,K6Z069
K6Z103,NULL,6Z,NULL,NULL,K6Z103
K6Z139,NULL,6Z,NULL,NULL,K6Z139
K6Z173,NULL,6Z,NULL,NULL,K6Z173
K6Z209,NULL,6Z,NULL,NULL,K6Z209
K6Z243,NULL,6Z,NULL,NULL,K6Z243
K6Z279,NULL,6Z,NULL,NULL,K6Z279
K6Z313,NULL,6Z,NULL,NULL,K6Z313
K6Z349,NULL,6Z,NULL,NULL,K6Z349
K6Z383,NULL,6Z,NULL,NULL,K6Z383
K6Z419,NULL,6Z,NULL,NULL,K6Z419
K7C023,NULL,7C,NULL,NULL,K7C023
K7C089,NULL,7C,NULL,NULL,K7C089
K7C163,NULL,7C,NULL,NULL,K7C163
K7C229,NULL,7C,NULL,NULL,K7C229
K7C303,NULL,7C,NULL,NULL,K7C303
K7C369,NULL,7C,NULL,NULL,K7C369
K7K033,NULL,7K,NULL,NULL,K7K033
K7K099,NULL,7K,NULL,NULL,K7K099
K7K173,NULL,7K,NULL,NULL,K7K173
K7K239,NULL,7K,NULL,NULL,K7K239
K7K313,NULL,7K,NULL,NULL,K7K313
K7K579,NULL,7K,NULL,NULL,K7K579
K7Z063,NULL,7Z,NULL,NULL,K7Z063
K7Z129,NULL,7Z,NULL,NULL,K7Z129
K7Z203,NULL,7Z,NULL,NULL,K7Z203
K7Z269,NULL,7Z,NULL,NULL,K7Z269
K7Z343,NULL,7Z,NULL,NULL,K7Z343
K7Z409,NULL,7Z,NULL,NULL,K7Z409
MNN031,NULL,NN,NULL,NULL,MNN031
MNN053,NULL,NN,NULL,NULL,MNN053
MNN071,NULL,NN,NULL,NULL,MNN071
MNN088,NULL,NN,NULL,NULL,MNN088
MNN106,NULL,NN,NULL,NULL,MNN106
MNN123,NULL,NN,NULL,NULL,MNN123
MNN141,NULL,NN,NULL,NULL,MNN141
MNN158,NULL,NN,NULL,NULL,MNN158
MNN176,NULL,NN,NULL,NULL,MNN176
MNN193,NULL,NN,NULL,NULL,MNN193
MNN211,NULL,NN,NULL,NULL,MNN211
MNN228,NULL,NN,NULL,NULL,MNN228
MNN426,NULL,NN,NULL,NULL,MNN426
MNN443,NULL,NN,NULL,NULL,MNN443
MNN461,NULL,NN,NULL,NULL,MNN461
MNN478,NULL,NN,NULL,NULL,MNN478
MNN496,NULL,NN,NULL,NULL,MNN496
MNN513,NULL,NN,NULL,NULL,MNN513
MNN531,NULL,NN,NULL,NULL,MNN531
MNN548,NULL,NN,NULL,NULL,MNN548
MNN566,NULL,NN,NULL,NULL,MNN566
MNN583,NULL,NN,NULL,NULL,MNN583
MNN601,NULL,NN,NULL,NULL,MNN601
MPP011,NULL,PP,NULL,NULL,MPP011
MPP033,NULL,PP,NULL,NULL,MPP033
MPP051,NULL,PP,NULL,NULL,MPP051
MPP068,NULL,PP,NULL,NULL,MPP068
MPP086,NULL,PP,NULL,NULL,MPP086
MPP103,NULL,PP,NULL,NULL,MPP103
MPP121,NULL,PP,NULL,NULL,MPP121
MPP138,NULL,PP,NULL,NULL,MPP138
MPP156,NULL,PP,NULL,NULL,MPP156
MPP173,NULL,PP,NULL,NULL,MPP173
MPP191,NULL,PP,NULL,NULL,MPP191
MPP208,NULL,PP,NULL,NULL,MPP208
MPP416,NULL,PP,NULL,NULL,MPP416
MPP433,NULL,PP,NULL,NULL,MPP433
MPP451,NULL,PP,NULL,NULL,MPP451
MPP468,NULL,PP,NULL,NULL,MPP468
MPP486,NULL,PP,NULL,NULL,MPP486
MPP503,NULL,PP,NULL,NULL,MPP503
MPP521,NULL,PP,NULL,NULL,MPP521
MPP538,NULL,PP,NULL,NULL,MPP538
MPP556,NULL,PP,NULL,NULL,MPP556
MPP573,NULL,PP,NULL,NULL,MPP573
MPP591,NULL,PP,NULL,NULL,MPP591
MQQ016,NULL,QQ,NULL,NULL,MQQ016
MQQ027,NULL,QQ,NULL,NULL,MQQ027
MQQ038,NULL,QQ,NULL,NULL,MQQ038
MQQ051,NULL,QQ,NULL,NULL,MQQ051
MQQ063,NULL,QQ,NULL,NULL,MQQ063
MQQ075,NULL,QQ,NULL,NULL,MQQ075
MQQ086,NULL,QQ,NULL,NULL,MQQ086
MQQ097,NULL,QQ,NULL,NULL,MQQ097
MQQ108,NULL,QQ,NULL,NULL,MQQ108
MQQ121,NULL,QQ,NULL,NULL,MQQ121
MQQ133,NULL,QQ,NULL,NULL,MQQ133
MQQ145,NULL,QQ,NULL,NULL,MQQ145
MQQ156,NULL,QQ,NULL,NULL,MQQ156
MQQ167,NULL,QQ,NULL,NULL,MQQ167
MQQ178,NULL,QQ,NULL,NULL,MQQ178
MQQ191,NULL,QQ,NULL,NULL,MQQ191
MQQ203,NULL,QQ,NULL,NULL,MQQ203
MQQ215,NULL,QQ,NULL,NULL,MQQ215
MQQ226,NULL,QQ,NULL,NULL,MQQ226
MQQ415,NULL,QQ,NULL,NULL,MQQ415
MQQ424,NULL,QQ,NULL,NULL,MQQ424
MQQ433,NULL,QQ,NULL,NULL,MQQ433
MQQ442,NULL,QQ,NULL,NULL,MQQ442
MQQ451,NULL,QQ,NULL,NULL,MQQ451
MQQ458,NULL,QQ,NULL,NULL,MQQ458
MQQ467,NULL,QQ,NULL,NULL,MQQ467
MQQ476,NULL,QQ,NULL,NULL,MQQ476
MQQ485,NULL,QQ,NULL,NULL,MQQ485
MQQ494,NULL,QQ,NULL,NULL,MQQ494
MQQ503,NULL,QQ,NULL,NULL,MQQ503
MQQ512,NULL,QQ,NULL,NULL,MQQ512
MQQ521,NULL,QQ,NULL,NULL,MQQ521
MQQ528,NULL,QQ,NULL,NULL,MQQ528
MQQ537,NULL,QQ,NULL,NULL,MQQ537
MQQ546,NULL,QQ,NULL,NULL,MQQ546
MQQ555,NULL,QQ,NULL,NULL,MQQ555
MQQ564,NULL,QQ,NULL,NULL,MQQ564
MQQ573,NULL,QQ,NULL,NULL,MQQ573
MQQ582,NULL,QQ,NULL,NULL,MQQ582
MQQ591,NULL,QQ,NULL,NULL,MQQ591
MQQ598,NULL,QQ,NULL,NULL,MQQ598
MQQ607,NULL,QQ,NULL,NULL,MQQ607
MQQ616,NULL,QQ,NULL,NULL,MQQ616
MQQ625,NULL,QQ,NULL,NULL,MQQ625
MQQ634,NULL,QQ,NULL,NULL,MQQ634
MQQ643,NULL,QQ,NULL,NULL,MQQ643
MRR012,NULL,RR,NULL,NULL,MRR012
MRR021,NULL,RR,NULL,NULL,MRR021
MRR028,NULL,RR,NULL,NULL,MRR028
MRR037,NULL,RR,NULL,NULL,MRR037
MRR046,NULL,RR,NULL,NULL,MRR046
MRR055,NULL,RR,NULL,NULL,MRR055
MRR064,NULL,RR,NULL,NULL,MRR064
MRR073,NULL,RR,NULL,NULL,MRR073
MRR082,NULL,RR,NULL,NULL,MRR082
MRR091,NULL,RR,NULL,NULL,MRR091
MRR098,NULL,RR,NULL,NULL,MRR098
MRR107,NULL,RR,NULL,NULL,MRR107
MRR116,NULL,RR,NULL,NULL,MRR116
MRR125,NULL,RR,NULL,NULL,MRR125
MRR134,NULL,RR,NULL,NULL,MRR134
MRR143,NULL,RR,NULL,NULL,MRR143
MRR152,NULL,RR,NULL,NULL,MRR152
MRR161,NULL,RR,NULL,NULL,MRR161
MRR168,NULL,RR,NULL,NULL,MRR168
MRR177,NULL,RR,NULL,NULL,MRR177
MRR186,NULL,RR,NULL,NULL,MRR186
MRR195,NULL,RR,NULL,NULL,MRR195
MRR204,NULL,RR,NULL,NULL,MRR204
MRR213,NULL,RR,NULL,NULL,MRR213
MRR222,NULL,RR,NULL,NULL,MRR222
MRR231,NULL,RR,NULL,NULL,MRR231
MRR238,NULL,RR,NULL,NULL,MRR238
MRR247,NULL,RR,NULL,NULL,MRR247
MRR418,NULL,RR,NULL,NULL,MRR418
MRR431,NULL,RR,NULL,NULL,MRR431
MRR443,NULL,RR,NULL,NULL,MRR443
MRR457,NULL,RR,NULL,NULL,MRR457
MRR468,NULL,RR,NULL,NULL,MRR468
MRR481,NULL,RR,NULL,NULL,MRR481
MRR493,NULL,RR,NULL,NULL,MRR493
MRR505,NULL,RR,NULL,NULL,MRR505
MRR516,NULL,RR,NULL,NULL,MRR516
MRR531,NULL,RR,NULL,NULL,MRR531
MRR543,NULL,RR,NULL,NULL,MRR543
MRR555,NULL,RR,NULL,NULL,MRR555
MRR566,NULL,RR,NULL,NULL,MRR566
MRR577,NULL,RR,NULL,NULL,MRR577
MRR588,NULL,RR,NULL,NULL,MRR588
MRR605,NULL,RR,NULL,NULL,MRR605
MRR616,NULL,RR,NULL,NULL,MRR616
MRR627,NULL,RR,NULL,NULL,MRR627
MSS416,NULL,SS,NULL,NULL,MSS416
MSS425,NULL,SS,NULL,NULL,MSS425
MSS434,NULL,SS,NULL,NULL,MSS434
MSS443,NULL,SS,NULL,NULL,MSS443
MSS452,NULL,SS,NULL,NULL,MSS452
MSS461,NULL,SS,NULL,NULL,MSS461
MSS468,NULL,SS,NULL,NULL,MSS468
MSS477,NULL,SS,NULL,NULL,MSS477
MSS486,NULL,SS,NULL,NULL,MSS486
MSS495,NULL,SS,NULL,NULL,MSS495
MSS504,NULL,SS,NULL,NULL,MSS504
MSS513,NULL,SS,NULL,NULL,MSS513
MSS522,NULL,SS,NULL,NULL,MSS522
MSS531,NULL,SS,NULL,NULL,MSS531
MSS538,NULL,SS,NULL,NULL,MSS538
MSS547,NULL,SS,NULL,NULL,MSS547
MSS556,NULL,SS,NULL,NULL,MSS556
MSS565,NULL,SS,NULL,NULL,MSS565
MSS574,NULL,SS,NULL,NULL,MSS574
MSS583,NULL,SS,NULL,NULL,MSS583
MSS592,NULL,SS,NULL,NULL,MSS592
MSS601,NULL,SS,NULL,NULL,MSS601
MSS608,NULL,SS,NULL,NULL,MSS608
MSS617,NULL,SS,NULL,NULL,MSS617
MSS626,NULL,SS,NULL,NULL,MSS626
MSS635,NULL,SS,NULL,NULL,MSS635
MSS644,NULL,SS,NULL,NULL,MSS644
MTT013,NULL,TT,NULL,NULL,MTT013
MTT022,NULL,TT,NULL,NULL,MTT022
MTT031,NULL,TT,NULL,NULL,MTT031
MTT038,NULL,TT,NULL,NULL,MTT038
MTT047,NULL,TT,NULL,NULL,MTT047
MTT056,NULL,TT,NULL,NULL,MTT056
MTT065,NULL,TT,NULL,NULL,MTT065
MTT074,NULL,TT,NULL,NULL,MTT074
MTT083,NULL,TT,NULL,NULL,MTT083
MTT092,NULL,TT,NULL,NULL,MTT092
MTT101,NULL,TT,NULL,NULL,MTT101
MTT108,NULL,TT,NULL,NULL,MTT108
MTT117,NULL,TT,NULL,NULL,MTT117
MTT126,NULL,TT,NULL,NULL,MTT126
MTT135,NULL,TT,NULL,NULL,MTT135
MTT144,NULL,TT,NULL,NULL,MTT144
MTT153,NULL,TT,NULL,NULL,MTT153
MTT162,NULL,TT,NULL,NULL,MTT162
MTT171,NULL,TT,NULL,NULL,MTT171
MTT178,NULL,TT,NULL,NULL,MTT178
MTT187,NULL,TT,NULL,NULL,MTT187
MTT196,NULL,TT,NULL,NULL,MTT196
MTT205,NULL,TT,NULL,NULL,MTT205
MTT214,NULL,TT,NULL,NULL,MTT214
MTT223,NULL,TT,NULL,NULL,MTT223
MTT232,NULL,TT,NULL,NULL,MTT232
MTT241,NULL,TT,NULL,NULL,MTT241
MTT248,NULL,TT,NULL,NULL,MTT248
MVV031,NULL,VV,NULL,NULL,MVV031
MVV063,NULL,VV,NULL,NULL,MVV063
M2Q031,aaa,2Qaaa,aaa,1,M2Q031
M2Q063,aaa,2Q,aaa,1,M2Q063
M2Q101,NULL,2Q,bbb,3,M2Q101
M2Q133,qa,2Q,bbb,5,M2Q133
M2Q171,aq,2Q,bbb,4,M2Q171
M2Q203,aq,2Q,aaa,5,M2Q203
M2V012,NULL,2V,NULL,100,M2V012
M2V044,NULL,2V,NULL,101,M2V044
M3N011,aaa,3N,aaa,1,M3N011
M3N043,NULL,3N,bbb,3,M3N043
M3N061,qa,3N,bbb,5,M3N061
M3N078,aq,3N,bbb,4,M3N078
M3N096,aq,3N,aaa,5,M3N096
M3N113,qwe,3N,aaa,6,M3N113
M3N131,q,3N,aaa,10,M3N131
M3N148,q,3N,aaa,11,M3N148
M3N166,q,3N,aaa,12,M3N166
M3N183,q,3N,aaa,13,M3N183
M3N201,q,3N,aaa,14,M3N201
M3N218,q,3N,aaa,15,M3N218
M3N416,q,3N,aaa,16,M3N416
M3N433,q,3N,aaa,17,M3N433
M3N451,q,3N,aaa,18,M3N451
M3N468,q,3N,aaa,19,M3N468
M3N486,qwe,3N,aaa,20,M3N486
M3N503,q,3N,aaa,NULL,M3N503
M3N521,q,3N,aaa,NULL,M3N521
M3N538,q,3N,aaa,NULL,M3N538
M3N556,q,3N,aaa,NULL,M3N556
M3N573,q,3N,aaa,NULL,M3N573
M3N591,q,3N,aaa,NULL,M3N591
M3N608,q,3N,aaa,NULL,M3N608
M3P026,NULL,3P,NULL,NULL,M3P026
M3P043,NULL,3P,NULL,NULL,M3P043
M3P061,NULL,3P,NULL,NULL,M3P061
M3P078,NULL,3P,NULL,NULL,M3P078
M3P096,NULL,3P,NULL,NULL,M3P096
M3P113,NULL,3P,NULL,NULL,M3P113
M3P131,NULL,3P,NULL,NULL,M3P131
M3P148,NULL,3P,NULL,NULL,M3P148
M3P166,NULL,3P,NULL,NULL,M3P166
M3P183,NULL,3P,NULL,NULL,M3P183
M3P201,NULL,3P,NULL,NULL,M3P201
M3P218,NULL,3P,NULL,NULL,M3P218
M3P426,NULL,3P,NULL,NULL,M3P426
M3P443,NULL,3P,NULL,NULL,M3P443
M3P461,NULL,3P,NULL,NULL,M3P461
M3P478,NULL,3P,NULL,NULL,M3P478
M3P496,NULL,3P,NULL,NULL,M3P496
M3P513,NULL,3P,NULL,NULL,M3P513
M3P531,NULL,3P,NULL,NULL,M3P531
M3P548,NULL,3P,NULL,NULL,M3P548
M3P566,NULL,3P,NULL,NULL,M3P566
M3P583,NULL,3P,NULL,NULL,M3P583
M3Q011,NULL,3Q,NULL,NULL,M3Q011
M3Q028,NULL,3Q,NULL,NULL,M3Q028
M3Q046,NULL,3Q,NULL,NULL,M3Q046
M3Q063,NULL,3Q,NULL,NULL,M3Q063
M3Q081,NULL,3Q,NULL,NULL,M3Q081
M3Q098,NULL,3Q,NULL,NULL,M3Q098
M3Q116,NULL,3Q,NULL,NULL,M3Q116
M3Q133,NULL,3Q,NULL,NULL,M3Q133
M3Q151,NULL,3Q,NULL,NULL,M3Q151
M3Q168,NULL,3Q,NULL,NULL,M3Q168
M3Q186,NULL,3Q,NULL,NULL,M3Q186
M3Q203,NULL,3Q,NULL,NULL,M3Q203
M3Q221,NULL,3Q,NULL,NULL,M3Q221
M3Q418,NULL,3Q,NULL,NULL,M3Q418
M3Q436,NULL,3Q,NULL,NULL,M3Q436
M3Q454,NULL,3Q,NULL,NULL,M3Q454
M3Q472,NULL,3Q,NULL,NULL,M3Q472
M3Q488,NULL,3Q,NULL,NULL,M3Q488
M3Q506,NULL,3Q,NULL,NULL,M3Q506
M3Q524,NULL,3Q,NULL,NULL,M3Q524
M3Q542,NULL,3Q,NULL,NULL,M3Q542
M3Q558,NULL,3Q,NULL,NULL,M3Q558
M3Q576,NULL,3Q,NULL,NULL,M3Q576
M3Q594,NULL,3Q,NULL,NULL,M3Q594
M3Q612,NULL,3Q,NULL,NULL,M3Q612
M3Q628,NULL,3Q,NULL,NULL,M3Q628
M3Q646,NULL,3Q,NULL,NULL,M3Q646
M3R024,NULL,3R,NULL,NULL,M3R024
M3R042,NULL,3R,NULL,NULL,M3R042
M3R058,NULL,3R,NULL,NULL,M3R058
M3R076,NULL,3R,NULL,NULL,M3R076
M3R094,NULL,3R,NULL,NULL,M3R094
M3R112,NULL,3R,NULL,NULL,M3R112
M3R128,NULL,3R,NULL,NULL,M3R128
M3R146,NULL,3R,NULL,NULL,M3R146
M3R164,NULL,3R,NULL,NULL,M3R164
M3R182,NULL,3R,NULL,NULL,M3R182
M3R198,NULL,3R,NULL,NULL,M3R198
M3R216,NULL,3R,NULL,NULL,M3R216
M3R234,NULL,3R,NULL,NULL,M3R234
M3R411,NULL,3R,NULL,NULL,M3R411
M3R428,NULL,3R,NULL,NULL,M3R428
M3R446,NULL,3R,NULL,NULL,M3R446
M3R468,NULL,3R,NULL,NULL,M3R468
M3R486,NULL,3R,NULL,NULL,M3R486
M3R503,NULL,3R,NULL,NULL,M3R503
M3R526,NULL,3R,NULL,NULL,M3R526
M3R543,NULL,3R,NULL,NULL,M3R543
M3R561,NULL,3R,NULL,NULL,M3R561
M3R578,NULL,3R,NULL,NULL,M3R578
M3R601,NULL,3R,NULL,NULL,M3R601
M3R618,NULL,3R,NULL,NULL,M3R618
M3S416,NULL,3S,NULL,NULL,M3S416
M3S434,NULL,3S,NULL,NULL,M3S434
M3S452,NULL,3S,NULL,NULL,M3S452
M3S468,NULL,3S,NULL,NULL,M3S468
M3S486,NULL,3S,NULL,NULL,M3S486
M3S504,NULL,3S,NULL,NULL,M3S504
M3S522,NULL,3S,NULL,NULL,M3S522
M3S538,NULL,3S,NULL,NULL,M3S538
M3S556,NULL,3S,NULL,NULL,M3S556
M3S574,NULL,3S,NULL,NULL,M3S574
M3S592,NULL,3S,NULL,NULL,M3S592
M3S608,NULL,3S,NULL,NULL,M3S608
M3S626,NULL,3S,NULL,NULL,M3S626
M3S644,NULL,3S,NULL,NULL,M3S644
M3T022,NULL,3T,NULL,NULL,M3T022
M3T038,NULL,3T,NULL,NULL,M3T038
M3T056,NULL,3T,NULL,NULL,M3T056
M3T074,NULL,3T,NULL,NULL,M3T074
M3T092,NULL,3T,NULL,NULL,M3T092
M3T108,NULL,3T,NULL,NULL,M3T108
M3T126,NULL,3T,NULL,NULL,M3T126
M3T144,NULL,3T,NULL,NULL,M3T144
M3T162,NULL,3T,NULL,NULL,M3T162
M3T178,NULL,3T,NULL,NULL,M3T178
M3T196,NULL,3T,NULL,NULL,M3T196
M3T214,NULL,3T,NULL,NULL,M3T214
M3T232,NULL,3T,NULL,NULL,M3T232
M3T248,NULL,3T,NULL,NULL,M3T248
M3V032,NULL,3V,NULL,NULL,M3V032
M3V064,NULL,3V,NULL,NULL,M3V064
M4N031,NULL,4N,NULL,NULL,M4N031
M4N053,NULL,4N,NULL,NULL,M4N053
M4N071,NULL,4N,NULL,NULL,M4N071
M4N088,NULL,4N,NULL,NULL,M4N088
M4N106,NULL,4N,NULL,NULL,M4N106
M4N123,NULL,4N,NULL,NULL,M4N123
M4N141,NULL,4N,NULL,NULL,M4N141
M4N158,NULL,4N,NULL,NULL,M4N158
M4N176,NULL,4N,NULL,NULL,M4N176
M4N193,NULL,4N,NULL,NULL,M4N193
M4N211,NULL,4N,NULL,NULL,M4N211
M4N228,NULL,4N,NULL,NULL,M4N228
M4N426,NULL,4N,NULL,NULL,M4N426
M4N443,NULL,4N,NULL,NULL,M4N443
M4N461,NULL,4N,NULL,NULL,M4N461
M4N478,NULL,4N,NULL,NULL,M4N478
M4N496,NULL,4N,NULL,NULL,M4N496
M4N513,NULL,4N,NULL,NULL,M4N513
M4N531,NULL,4N,NULL,NULL,M4N531
M4N548,NULL,4N,NULL,NULL,M4N548
M4N566,NULL,4N,NULL,NULL,M4N566
M4N583,NULL,4N,NULL,NULL,M4N583
M4N601,NULL,4N,NULL,NULL,M4N601
M4P016,NULL,4P,NULL,NULL,M4P016
M4P036,NULL,4P,NULL,NULL,M4P036
M4P053,NULL,4P,NULL,NULL,M4P053
M4P071,NULL,4P,NULL,NULL,M4P071
M4P088,NULL,4P,NULL,NULL,M4P088
M4P106,NULL,4P,NULL,NULL,M4P106
M4P123,NULL,4P,NULL,NULL,M4P123
M4P141,NULL,4P,NULL,NULL,M4P141
M4P158,NULL,4P,NULL,NULL,M4P158
M4P176,NULL,4P,NULL,NULL,M4P176
M4P193,NULL,4P,NULL,NULL,M4P193
M4P211,NULL,4P,NULL,NULL,M4P211
M4P418,NULL,4P,NULL,NULL,M4P418
M4P436,NULL,4P,NULL,NULL,M4P436
M4P453,NULL,4P,NULL,NULL,M4P453
M4P471,NULL,4P,NULL,NULL,M4P471
M4P488,NULL,4P,NULL,NULL,M4P488
M4P506,NULL,4P,NULL,NULL,M4P506
M4P523,NULL,4P,NULL,NULL,M4P523
M4P541,NULL,4P,NULL,NULL,M4P541
M4P558,NULL,4P,NULL,NULL,M4P558
M4P576,NULL,4P,NULL,NULL,M4P576
M4P593,NULL,4P,NULL,NULL,M4P593
M4Q021,NULL,4Q,NULL,NULL,M4Q021
M4Q038,NULL,4Q,NULL,NULL,M4Q038
M4Q056,NULL,4Q,NULL,NULL,M4Q056
M4Q073,NULL,4Q,NULL,NULL,M4Q073
M4Q091,NULL,4Q,NULL,NULL,M4Q091
M4Q108,NULL,4Q,NULL,NULL,M4Q108
M4Q126,NULL,4Q,NULL,NULL,M4Q126
M4Q143,NULL,4Q,NULL,NULL,M4Q143
M4Q161,NULL,4Q,NULL,NULL,M4Q161
M4Q178,NULL,4Q,NULL,NULL,M4Q178
M4Q196,NULL,4Q,NULL,NULL,M4Q196
M4Q213,NULL,4Q,NULL,NULL,M4Q213
M4Q412,NULL,4Q,NULL,NULL,M4Q412
M4Q428,NULL,4Q,NULL,NULL,M4Q428
M4Q446,NULL,4Q,NULL,NULL,M4Q446
M4Q464,NULL,4Q,NULL,NULL,M4Q464
M4Q482,NULL,4Q,NULL,NULL,M4Q482
M4Q498,NULL,4Q,NULL,NULL,M4Q498
M4Q516,NULL,4Q,NULL,NULL,M4Q516
M4Q534,NULL,4Q,NULL,NULL,M4Q534
M4Q552,NULL,4Q,NULL,NULL,M4Q552
M4Q568,NULL,4Q,NULL,NULL,M4Q568
M4Q586,NULL,4Q,NULL,NULL,M4Q586
M4Q604,NULL,4Q,NULL,NULL,M4Q604
M4Q622,NULL,4Q,NULL,NULL,M4Q622
M4Q638,NULL,4Q,NULL,NULL,M4Q638
M4R016,NULL,4R,NULL,NULL,M4R016
M4R034,NULL,4R,NULL,NULL,M4R034
M4R052,NULL,4R,NULL,NULL,M4R052
M4R068,NULL,4R,NULL,NULL,M4R068
M4R086,NULL,4R,NULL,NULL,M4R086
M4R104,NULL,4R,NULL,NULL,M4R104
M4R122,NULL,4R,NULL,NULL,M4R122
M4R138,NULL,4R,NULL,NULL,M4R138
M4R156,NULL,4R,NULL,NULL,M4R156
M4R174,NULL,4R,NULL,NULL,M4R174
M4R192,NULL,4R,NULL,NULL,M4R192
M4R208,NULL,4R,NULL,NULL,M4R208
M4R226,NULL,4R,NULL,NULL,M4R226
M4R244,NULL,4R,NULL,NULL,M4R244
M4R421,NULL,4R,NULL,NULL,M4R421
M4R438,NULL,4R,NULL,NULL,M4R438
M4R461,NULL,4R,NULL,NULL,M4R461
M4R478,NULL,4R,NULL,NULL,M4R478
M4R496,NULL,4R,NULL,NULL,M4R496
M4R513,NULL,4R,NULL,NULL,M4R513
M4R536,NULL,4R,NULL,NULL,M4R536
M4R553,NULL,4R,NULL,NULL,M4R553
M4R571,NULL,4R,NULL,NULL,M4R571
M4R588,NULL,4R,NULL,NULL,M4R588
M4R611,NULL,4R,NULL,NULL,M4R611
M4R628,NULL,4R,NULL,NULL,M4R628
M4S426,NULL,4S,NULL,NULL,M4S426
M4S444,NULL,4S,NULL,NULL,M4S444
M4S462,NULL,4S,NULL,NULL,M4S462
M4S478,NULL,4S,NULL,NULL,M4S478
M4S496,NULL,4S,NULL,NULL,M4S496
M4S514,NULL,4S,NULL,NULL,M4S514
M4S532,NULL,4S,NULL,NULL,M4S532
M4S548,NULL,4S,NULL,NULL,M4S548
M4S566,NULL,4S,NULL,NULL,M4S566
M4S584,NULL,4S,NULL,NULL,M4S584
M4S602,NULL,4S,NULL,NULL,M4S602
M4S618,NULL,4S,NULL,NULL,M4S618
M4S636,NULL,4S,NULL,NULL,M4S636
M4T014,NULL,4T,NULL,NULL,M4T014
M4T032,NULL,4T,NULL,NULL,M4T032
M4T048,NULL,4T,NULL,NULL,M4T048
M4T066,NULL,4T,NULL,NULL,M4T066
M4T084,NULL,4T,NULL,NULL,M4T084
M4T102,NULL,4T,NULL,NULL,M4T102
M4T118,NULL,4T,NULL,NULL,M4T118
M4T136,NULL,4T,NULL,NULL,M4T136
M4T154,NULL,4T,NULL,NULL,M4T154
M4T172,NULL,4T,NULL,NULL,M4T172
M4T188,NULL,4T,NULL,NULL,M4T188
M4T206,NULL,4T,NULL,NULL,M4T206
M4T224,NULL,4T,NULL,NULL,M4T224
M4T242,NULL,4T,NULL,NULL,M4T242
M4V014,NULL,4V,NULL,NULL,M4V014
M4V052,NULL,4V,NULL,NULL,M4V052
M5N013,NULL,5N,NULL,NULL,M5N013
M5N046,NULL,5N,NULL,NULL,M5N046
M5N063,NULL,5N,NULL,NULL,M5N063
M5N081,NULL,5N,NULL,NULL,M5N081
M5N098,NULL,5N,NULL,NULL,M5N098
M5N116,NULL,5N,NULL,NULL,M5N116
M5N133,NULL,5N,NULL,NULL,M5N133
M5N151,NULL,5N,NULL,NULL,M5N151
M5N168,NULL,5N,NULL,NULL,M5N168
M5N186,NULL,5N,NULL,NULL,M5N186
M5N203,NULL,5N,NULL,NULL,M5N203
M5N221,NULL,5N,NULL,NULL,M5N221
M5N418,NULL,5N,NULL,NULL,M5N418
M5N436,NULL,5N,NULL,NULL,M5N436
M5N453,NULL,5N,NULL,NULL,M5N453
M5N471,NULL,5N,NULL,NULL,M5N471
M5N488,NULL,5N,NULL,NULL,M5N488
M5N506,NULL,5N,NULL,NULL,M5N506
M5N523,NULL,5N,NULL,NULL,M5N523
M5N541,NULL,5N,NULL,NULL,M5N541
M5N558,NULL,5N,NULL,NULL,M5N558
M5N576,NULL,5N,NULL,NULL,M5N576
M5N593,NULL,5N,NULL,NULL,M5N593
M5N611,NULL,5N,NULL,NULL,M5N611
M5P028,NULL,5P,NULL,NULL,M5P028
M5P046,NULL,5P,NULL,NULL,M5P046
M5P063,NULL,5P,NULL,NULL,M5P063
M5P081,NULL,5P,NULL,NULL,M5P081
M5P098,NULL,5P,NULL,NULL,M5P098
M5P116,NULL,5P,NULL,NULL,M5P116
M5P133,NULL,5P,NULL,NULL,M5P133
M5P151,NULL,5P,NULL,NULL,M5P151
M5P168,NULL,5P,NULL,NULL,M5P168
M5P186,NULL,5P,NULL,NULL,M5P186
M5P203,NULL,5P,NULL,NULL,M5P203
M5P411,NULL,5P,NULL,NULL,M5P411
M5P428,NULL,5P,NULL,NULL,M5P428
M5P446,NULL,5P,NULL,NULL,M5P446
M5P463,NULL,5P,NULL,NULL,M5P463
M5P481,NULL,5P,NULL,NULL,M5P481
M5P498,NULL,5P,NULL,NULL,M5P498
M5P516,NULL,5P,NULL,NULL,M5P516
M5P533,NULL,5P,NULL,NULL,M5P533
M5P551,NULL,5P,NULL,NULL,M5P551
M5P568,NULL,5P,NULL,NULL,M5P568
M5P586,NULL,5P,NULL,NULL,M5P586
M5Q013,NULL,5Q,NULL,NULL,M5Q013
M5Q031,NULL,5Q,NULL,NULL,M5Q031
M5Q048,NULL,5Q,NULL,NULL,M5Q048
M5Q066,NULL,5Q,NULL,NULL,M5Q066
M5Q083,NULL,5Q,NULL,NULL,M5Q083
M5Q101,NULL,5Q,NULL,NULL,M5Q101
M5Q118,NULL,5Q,NULL,NULL,M5Q118
M5Q136,NULL,5Q,NULL,NULL,M5Q136
M5Q153,NULL,5Q,NULL,NULL,M5Q153
M5Q171,NULL,5Q,NULL,NULL,M5Q171
M5Q188,NULL,5Q,NULL,NULL,M5Q188
M5Q206,NULL,5Q,NULL,NULL,M5Q206
M5Q223,NULL,5Q,NULL,NULL,M5Q223
M5Q422,NULL,5Q,NULL,NULL,M5Q422
M5Q438,NULL,5Q,NULL,NULL,M5Q438
M5Q456,NULL,5Q,NULL,NULL,M5Q456
M5Q474,NULL,5Q,NULL,NULL,M5Q474
M5Q492,NULL,5Q,NULL,NULL,M5Q492
M5Q508,NULL,5Q,NULL,NULL,M5Q508
M5Q526,NULL,5Q,NULL,NULL,M5Q526
M5Q544,NULL,5Q,NULL,NULL,M5Q544
M5Q562,NULL,5Q,NULL,NULL,M5Q562
M5Q578,NULL,5Q,NULL,NULL,M5Q578
M5Q596,NULL,5Q,NULL,NULL,M5Q596
M5Q614,NULL,5Q,NULL,NULL,M5Q614
M5Q632,NULL,5Q,NULL,NULL,M5Q632
M5Q648,NULL,5Q,NULL,NULL,M5Q648
1-100,NULL,1,NULL,1,1-100
1-101,NULL,1,NULL,2,1-101
1-102,NULL,1,NULL,3,1-102
1-103,NULL,1,NULL,4,1-103
1-200,NULL,1,NULL,5,1-200
1-201,NULL,1,NULL,6,1-201
1-202,NULL,1,NULL,7,1-202
1-203,NULL,1,NULL,8,1-203
2-100,NULL,2,NULL,NULL,2-100
2-101,NULL,2,NULL,NULL,2-101
2-102,NULL,2,NULL,NULL,2-102
2-200,NULL,2,NULL,NULL,2-200
2-201,NULL,2,NULL,NULL,2-201
2-202,NULL,2,NULL,NULL,2-202
2-300,NULL,2,NULL,NULL,2-300
2-301,NULL,2,NULL,NULL,2-301
2-302,NULL,2,NULL,NULL,2-302
